STATE,STATENAME,ST_CASE,PEDS,PERNOTMVIT,VE_TOTAL,VE_FORMS,PVH_INVL,PERSONS,PERMVIT,COUNTY,CITY,CITYNAME,MONTH,MONTHNAME,DAY,DAYNAME,DAY_WEEK,DAY_WEEKNAME,YEAR,HOUR,HOURNAME,MINUTE,MINUTENAME,TWAY_ID,TWAY_ID2,ROUTE,ROUTENAME,RUR_URB,RUR_URBNAME,FUNC_SYS,FUNC_SYSNAME,RD_OWNER,RD_OWNERNAME,NHS,NHSNAME,SP_JUR,SP_JURNAME,MILEPT,MILEPTNAME,LATITUDE,LATITUDENAME,LONGITUD,LONGITUDNAME,HARM_EV,HARM_EVNAME,MAN_COLL,MAN_COLLNAME,RELJCT1,RELJCT1NAME,RELJCT2,RELJCT2NAME,TYP_INT,TYP_INTNAME,REL_ROAD,REL_ROADNAME,WRK_ZONE,WRK_ZONENAME,LGT_COND,LGT_CONDNAME,WEATHER,WEATHERNAME,SCH_BUS,SCH_BUSNAME,RAIL,RAILNAME,NOT_HOUR,NOT_HOURNAME,NOT_MIN,NOT_MINNAME,ARR_HOUR,ARR_HOURNAME,ARR_MIN,ARR_MINNAME,HOSP_HR,HOSP_HRNAME,HOSP_MN,HOSP_MNNAME,COUNTYNAME,FATALS,young,old,drink,truck,old_car
53,Washington,530110,0,0,2,2,0,2,2,63,0,NOT APPLICABLE,4,April,21,21,4,Wednesday,2021,12,12:00pm-12:59pm,17,17,US-2,,2,U.S. Highway,2,Urban,3,Principal Arterial - Other,1,State Highway Agency,0,This section IS NOT on the NHS,0,No Special Jurisdiction,2687,2687,47.64293333,47.64293333,-117.6141806,-117.6141806,12,Motor Vehicle In-Transport,1,Front-to-Rear,0,No,1,Non-Junction,1,Not an Intersection,1,On Roadway,0,None,1,Daylight,1,Clear,0,No,0000000,Not Applicable,99,Unknown,99,Unknown,99,Unknown EMS Scene Arrival Hour,99,Unknown EMS Scene Arrival Minutes,99,Unknown,99,Unknown EMS Hospital Arrival Time,SPOKANE (63),1,0,0,0,0,1
53,Washington,530111,0,0,2,2,0,2,2,33,1030,KENT,4,April,24,24,7,Saturday,2021,16,4:00pm-4:59pm,28,28,CENTRAL AVE N,,6,Local Street - Municipality,2,Urban,4,Minor Arterial,4,City or Municipal Highway Agency,0,This section IS NOT on the NHS,0,No Special Jurisdiction,0,None,47.37234167,47.37234167,-122.2302778,-122.2302778,12,Motor Vehicle In-Transport,6,Angle,0,No,1,Non-Junction,1,Not an Intersection,1,On Roadway,0,None,1,Daylight,2,Rain,0,No,0000000,Not Applicable,99,Unknown,99,Unknown,99,Unknown EMS Scene Arrival Hour,99,Unknown EMS Scene Arrival Minutes,99,Unknown,99,Unknown EMS Hospital Arrival Time,KING (33),1,0,0,0,0,0
53,Washington,530112,0,0,1,1,0,3,3,35,111,BAINBRIDGE ISLAND,3,March,16,16,3,Tuesday,2021,20,8:00pm-8:59pm,57,57,SUNRISE DR NE,,6,Local Street - Municipality,2,Urban,5,Major Collector,4,City or Municipal Highway Agency,0,This section IS NOT on the NHS,0,No Special Jurisdiction,0,None,47.67165556,47.67165556,-122.5103056,-122.5103056,41,Shrubbery,0,The First Harmful Event was Not a Collision with a Motor Vehicle in Transport,0,No,1,Non-Junction,1,Not an Intersection,4,On Roadside,0,None,2,Dark - Not Lighted,1,Clear,0,No,0000000,Not Applicable,99,Unknown,99,Unknown,99,Unknown EMS Scene Arrival Hour,99,Unknown EMS Scene Arrival Minutes,88,Not Applicable (Not Transported),88,Not Applicable (Not Transported),KITSAP (35),3,0,0,0,0,0
53,Washington,530113,0,0,4,4,0,5,5,33,0,NOT APPLICABLE,4,April,15,15,5,Thursday,2021,18,6:00pm-6:59pm,17,17,CR-VEAZIE CUMBERLAND RD,295TH AVE SE,4,County Road,1,Rural,5,Major Collector,2,County Highway Agency,0,This section IS NOT on the NHS,0,No Special Jurisdiction,47,47,47.26409444,47.26409444,-121.9495611,-121.9495611,12,Motor Vehicle In-Transport,1,Front-to-Rear,0,No,2,Intersection,4,Y-Intersection,1,On Roadway,0,None,1,Daylight,1,Clear,0,No,0000000,Not Applicable,99,Unknown,99,Unknown,99,Unknown EMS Scene Arrival Hour,99,Unknown EMS Scene Arrival Minutes,99,Unknown,99,Unknown EMS Hospital Arrival Time,KING (33),1,0,1,0,0,1
53,Washington,530114,1,1,1,1,0,1,1,33,1960,SEATTLE,3,March,30,30,3,Tuesday,2021,20,8:00pm-8:59pm,20,20,SR-522,,3,State Highway,2,Urban,3,Principal Arterial - Other,1,State Highway Agency,0,This section IS NOT on the NHS,0,No Special Jurisdiction,36,36,47.72523611,47.72523611,-122.2924278,-122.2924278,8,Pedestrian,0,The First Harmful Event was Not a Collision with a Motor Vehicle in Transport,0,No,1,Non-Junction,1,Not an Intersection,1,On Roadway,0,None,3,Dark - Lighted,1,Clear,0,No,0000000,Not Applicable,99,Unknown,99,Unknown,99,Unknown EMS Scene Arrival Hour,99,Unknown EMS Scene Arrival Minutes,99,Unknown,99,Unknown EMS Hospital Arrival Time,KING (33),1,0,1,0,0,0
53,Washington,530115,1,1,1,1,0,1,1,77,0,NOT APPLICABLE,1,January,26,26,3,Tuesday,2021,5,5:00am-5:59am,54,54,CR-LATERAL A RD,,4,County Road,1,Rural,5,Major Collector,2,County Highway Agency,0,This section IS NOT on the NHS,3,Indian Reservation,99999,Unknown,46.39628611,46.39628611,-120.4798972,-120.4798972,8,Pedestrian,0,The First Harmful Event was Not a Collision with a Motor Vehicle in Transport,0,No,1,Non-Junction,1,Not an Intersection,1,On Roadway,0,None,2,Dark - Not Lighted,4,Snow,0,No,0000000,Not Applicable,99,Unknown,99,Unknown,99,Unknown EMS Scene Arrival Hour,99,Unknown EMS Scene Arrival Minutes,99,Unknown,99,Unknown EMS Hospital Arrival Time,YAKIMA (77),1,0,0,0,0,0
53,Washington,530116,0,0,2,2,0,3,3,51,0,NOT APPLICABLE,2,February,20,20,7,Saturday,2021,21,9:00pm-9:59pm,0,0,SR-20,,3,State Highway,1,Rural,4,Minor Arterial,1,State Highway Agency,0,This section IS NOT on the NHS,0,No Special Jurisdiction,4304,4304,48.22951667,48.22951667,-117.155625,-117.155625,12,Motor Vehicle In-Transport,2,Front-to-Front,0,No,1,Non-Junction,1,Not an Intersection,1,On Roadway,0,None,2,Dark - Not Lighted,10,Cloudy,0,No,0000000,Not Applicable,99,Unknown,99,Unknown,99,Unknown EMS Scene Arrival Hour,99,Unknown EMS Scene Arrival Minutes,99,Unknown,99,Unknown EMS Hospital Arrival Time,PEND OREILLE (51),1,0,0,1,0,0
53,Washington,530117,2,2,1,1,0,1,1,61,171,BOTHELL,2,February,19,19,6,Friday,2021,5,5:00am-5:59am,30,30,SR-524,,3,State Highway,2,Urban,4,Minor Arterial,1,State Highway Agency,0,This section IS NOT on the NHS,0,No Special Jurisdiction,86,86,47.81288056,47.81288056,-122.2271194,-122.2271194,8,Pedestrian,0,The First Harmful Event was Not a Collision with a Motor Vehicle in Transport,0,No,1,Non-Junction,1,Not an Intersection,2,On Shoulder,0,None,6,Dark - Unknown Lighting,2,Rain,0,No,0000000,Not Applicable,99,Unknown,99,Unknown,99,Unknown EMS Scene Arrival Hour,99,Unknown EMS Scene Arrival Minutes,99,Unknown,99,Unknown EMS Hospital Arrival Time,SNOHOMISH (61),2,0,0,0,0,0
53,Washington,530119,0,0,1,1,0,2,2,77,0,NOT APPLICABLE,4,April,15,15,5,Thursday,2021,0,0:00am-0:59am,25,25,ROZA HILL DR    PVT DR,,8,Other,6,Trafficway Not in State Inventory,96,Trafficway Not in State Inventory,96,Trafficway Not in State Inventory,0,This section IS NOT on the NHS,0,No Special Jurisdiction,0,None,46.60615278,46.60615278,-120.3803111,-120.3803111,35,Embankment,0,The First Harmful Event was Not a Collision with a Motor Vehicle in Transport,0,No,1,Non-Junction,1,Not an Intersection,4,On Roadside,0,None,2,Dark - Not Lighted,1,Clear,0,No,0000000,Not Applicable,99,Unknown,99,Unknown,99,Unknown EMS Scene Arrival Hour,99,Unknown EMS Scene Arrival Minutes,99,Unknown,99,Unknown EMS Hospital Arrival Time,YAKIMA (77),2,1,0,0,0,0
53,Washington,530120,1,1,1,1,0,2,2,25,680,EPHRATA,4,April,21,21,4,Wednesday,2021,11,11:00am-11:59am,7,7,SR-28,FIRST AVE NW,3,State Highway,2,Urban,4,Minor Arterial,1,State Highway Agency,0,This section IS NOT on the NHS,0,No Special Jurisdiction,517,517,47.32165833,47.32165833,-119.5509694,-119.5509694,8,Pedestrian,0,The First Harmful Event was Not a Collision with a Motor Vehicle in Transport,0,No,3,Intersection-Related,2,Four-Way Intersection,1,On Roadway,0,None,1,Daylight,1,Clear,0,No,0000000,Not Applicable,99,Unknown,99,Unknown,99,Unknown EMS Scene Arrival Hour,99,Unknown EMS Scene Arrival Minutes,99,Unknown,99,Unknown EMS Hospital Arrival Time,GRANT (25),1,0,0,0,1,0
53,Washington,530121,0,0,1,1,0,1,1,9,0,NOT APPLICABLE,4,April,20,20,3,Tuesday,2021,16,4:00pm-4:59pm,9,9,CR-MOUNT PLEASANT RD,,4,County Road,1,Rural,5,Major Collector,2,County Highway Agency,0,This section IS NOT on the NHS,0,No Special Jurisdiction,99999,Unknown,48.086125,48.086125,-123.3651111,-123.3651111,38,Fence,0,The First Harmful Event was Not a Collision with a Motor Vehicle in Transport,0,No,1,Non-Junction,1,Not an Intersection,4,On Roadside,0,None,1,Daylight,1,Clear,0,No,0000000,Not Applicable,99,Unknown,99,Unknown,99,Unknown EMS Scene Arrival Hour,99,Unknown EMS Scene Arrival Minutes,99,Unknown,99,Unknown EMS Hospital Arrival Time,CLALLAM (9),1,0,0,0,0,0
53,Washington,530122,0,0,1,1,0,1,1,5,0,NOT APPLICABLE,4,April,24,24,7,Saturday,2021,0,0:00am-0:59am,0,0,CR-S CLODFELTER RD,,4,County Road,2,Urban,5,Major Collector,2,County Highway Agency,0,This section IS NOT on the NHS,0,No Special Jurisdiction,28,28,46.17199444,46.17199444,-119.2641528,-119.2641528,1,Rollover/Overturn,0,The First Harmful Event was Not a Collision with a Motor Vehicle in Transport,0,No,1,Non-Junction,1,Not an Intersection,4,On Roadside,0,None,2,Dark - Not Lighted,10,Cloudy,0,No,0000000,Not Applicable,99,Unknown,99,Unknown,99,Unknown EMS Scene Arrival Hour,99,Unknown EMS Scene Arrival Minutes,99,Unknown,99,Unknown EMS Hospital Arrival Time,BENTON (5),1,0,0,0,0,1
53,Washington,530123,0,0,2,2,0,2,2,53,0,NOT APPLICABLE,4,April,25,25,1,Sunday,2021,20,8:00pm-8:59pm,49,49,SR-7,,3,State Highway,1,Rural,3,Principal Arterial - Other,1,State Highway Agency,0,This section IS NOT on the NHS,0,No Special Jurisdiction,414,414,47.01238333,47.01238333,-122.3691556,-122.3691556,12,Motor Vehicle In-Transport,11,Other,0,No,1,Non-Junction,1,Not an Intersection,1,On Roadway,0,None,5,Dusk,10,Cloudy,0,No,0000000,Not Applicable,99,Unknown,99,Unknown,99,Unknown EMS Scene Arrival Hour,99,Unknown EMS Scene Arrival Minutes,99,Unknown,99,Unknown EMS Hospital Arrival Time,PIERCE (53),1,1,0,0,0,1
53,Washington,530124,1,4,3,1,2,4,1,15,0,NOT APPLICABLE,4,April,24,24,7,Saturday,2021,7,7:00am-7:59am,49,49,I-5,,1,Interstate,1,Rural,1,Interstate,1,State Highway Agency,1,This section IS ON the NHS,0,No Special Jurisdiction,456,456,46.22469444,46.22469444,-122.88855,-122.88855,14,Parked Motor Vehicle,0,The First Harmful Event was Not a Collision with a Motor Vehicle in Transport,0,No,1,Non-Junction,1,Not an Intersection,2,On Shoulder,0,None,1,Daylight,2,Rain,0,No,0000000,Not Applicable,99,Unknown,99,Unknown,99,Unknown EMS Scene Arrival Hour,99,Unknown EMS Scene Arrival Minutes,99,Unknown,99,Unknown EMS Hospital Arrival Time,COWLITZ (15),3,0,0,0,0,0
53,Washington,530125,0,0,2,2,0,3,3,11,0,NOT APPLICABLE,2,February,8,8,2,Monday,2021,11,11:00am-11:59am,12,12,CR-NE 199TH ST,NE 72ND AVE,4,County Road,1,Rural,5,Major Collector,2,County Highway Agency,0,This section IS NOT on the NHS,0,No Special Jurisdiction,99999,Unknown,45.76575556,45.76575556,-122.5996028,-122.5996028,12,Motor Vehicle In-Transport,6,Angle,0,No,2,Intersection,2,Four-Way Intersection,1,On Roadway,0,None,1,Daylight,10,Cloudy,0,No,0000000,Not Applicable,99,Unknown,99,Unknown,99,Unknown EMS Scene Arrival Hour,99,Unknown EMS Scene Arrival Minutes,99,Unknown,99,Unknown EMS Hospital Arrival Time,CLARK (11),1,1,0,0,0,0
53,Washington,530126,1,1,1,1,0,1,1,15,0,NOT APPLICABLE,5,May,9,9,1,Sunday,2021,0,0:00am-0:59am,14,14,SR-432,,3,State Highway,2,Urban,3,Principal Arterial - Other,1,State Highway Agency,0,This section IS NOT on the NHS,0,No Special Jurisdiction,42,42,46.13366389,46.13366389,-122.9807583,-122.9807583,8,Pedestrian,0,The First Harmful Event was Not a Collision with a Motor Vehicle in Transport,0,No,1,Non-Junction,1,Not an Intersection,1,On Roadway,0,None,2,Dark - Not Lighted,1,Clear,0,No,0000000,Not Applicable,99,Unknown,99,Unknown,99,Unknown EMS Scene Arrival Hour,99,Unknown EMS Scene Arrival Minutes,88,Not Applicable (Not Transported),88,Not Applicable (Not Transported),COWLITZ (15),1,0,0,0,0,1
53,Washington,530128,0,0,1,1,0,1,1,57,0,NOT APPLICABLE,5,May,5,5,4,Wednesday,2021,22,10:00pm-10:59pm,3,3,SR-9,,3,State Highway,1,Rural,5,Major Collector,1,State Highway Agency,0,This section IS NOT on the NHS,0,No Special Jurisdiction,428,428,48.34709444,48.34709444,-122.2031861,-122.2031861,42,Tree (Standing Only),0,The First Harmful Event was Not a Collision with a Motor Vehicle in Transport,0,No,1,Non-Junction,1,Not an Intersection,4,On Roadside,0,None,2,Dark - Not Lighted,10,Cloudy,0,No,0000000,Not Applicable,99,Unknown,99,Unknown,99,Unknown EMS Scene Arrival Hour,99,Unknown EMS Scene Arrival Minutes,88,Not Applicable (Not Transported),88,Not Applicable (Not Transported),SKAGIT (57),1,0,0,0,0,0
53,Washington,530129,1,1,1,1,0,1,1,33,1960,SEATTLE,4,April,11,11,1,Sunday,2021,18,6:00pm-6:59pm,59,59,SEWARD PARK AVE S,,6,Local Street - Municipality,2,Urban,5,Major Collector,4,City or Municipal Highway Agency,0,This section IS NOT on the NHS,0,No Special Jurisdiction,0,None,47.544625,47.544625,-122.2638694,-122.2638694,9,Pedalcyclist,0,The First Harmful Event was Not a Collision with a Motor Vehicle in Transport,0,No,1,Non-Junction,1,Not an Intersection,1,On Roadway,0,None,1,Daylight,1,Clear,0,No,0000000,Not Applicable,99,Unknown,99,Unknown,99,Unknown EMS Scene Arrival Hour,99,Unknown EMS Scene Arrival Minutes,88,Not Applicable (Not Transported),88,Not Applicable (Not Transported),KING (33),1,0,0,1,0,0
53,Washington,530130,0,0,1,1,0,1,1,45,0,NOT APPLICABLE,4,April,18,18,1,Sunday,2021,1,1:00am-1:59am,15,15,US-101,,2,U.S. Highway,1,Rural,3,Principal Arterial - Other,1,State Highway Agency,0,This section IS NOT on the NHS,0,No Special Jurisdiction,3385,3385,47.30081111,47.30081111,-123.1812583,-123.1812583,30,Utility Pole/Light Support,0,The First Harmful Event was Not a Collision with a Motor Vehicle in Transport,0,No,1,Non-Junction,1,Not an Intersection,4,On Roadside,0,None,3,Dark - Lighted,1,Clear,0,No,0000000,Not Applicable,99,Unknown,99,Unknown,99,Unknown EMS Scene Arrival Hour,99,Unknown EMS Scene Arrival Minutes,99,Unknown,99,Unknown EMS Hospital Arrival Time,MASON (45),1,0,0,0,0,1
53,Washington,530131,0,0,1,1,0,2,2,33,1018,KENMORE,5,May,2,2,1,Sunday,2021,17,5:00pm-5:59pm,31,31,SR-522,,3,State Highway,2,Urban,3,Principal Arterial - Other,1,State Highway Agency,0,This section IS NOT on the NHS,0,No Special Jurisdiction,66,66,47.75831667,47.75831667,-122.2633361,-122.2633361,33,Curb,0,The First Harmful Event was Not a Collision with a Motor Vehicle in Transport,0,No,1,Non-Junction,1,Not an Intersection,4,On Roadside,0,None,1,Daylight,1,Clear,0,No,0000000,Not Applicable,99,Unknown,99,Unknown,99,Unknown EMS Scene Arrival Hour,99,Unknown EMS Scene Arrival Minutes,99,Unknown,99,Unknown EMS Hospital Arrival Time,KING (33),1,0,0,1,0,0
53,Washington,530132,0,0,1,1,0,5,5,67,0,NOT APPLICABLE,5,May,10,10,2,Monday,2021,17,5:00pm-5:59pm,36,36,CR-MARVIN RD NE,,4,County Road,2,Urban,5,Major Collector,2,County Highway Agency,0,This section IS NOT on the NHS,0,No Special Jurisdiction,78,78,47.107875,47.107875,-122.7807222,-122.7807222,30,Utility Pole/Light Support,0,The First Harmful Event was Not a Collision with a Motor Vehicle in Transport,0,No,1,Non-Junction,1,Not an Intersection,4,On Roadside,0,None,1,Daylight,1,Clear,0,No,0000000,Not Applicable,99,Unknown,99,Unknown,99,Unknown EMS Scene Arrival Hour,99,Unknown EMS Scene Arrival Minutes,99,Unknown,99,Unknown EMS Hospital Arrival Time,THURSTON (67),1,0,0,0,0,1
53,Washington,530133,0,0,2,2,0,3,3,21,1660,PASCO,5,May,9,9,1,Sunday,2021,16,4:00pm-4:59pm,10,10,US-395,FOSTER WELLS RD,2,U.S. Highway,2,Urban,2,Principal Arterial - Other Freeways and Expressways,1,State Highway Agency,1,This section IS ON the NHS,0,No Special Jurisdiction,319,319,46.28516667,46.28516667,-119.0938028,-119.0938028,12,Motor Vehicle In-Transport,6,Angle,0,No,2,Intersection,2,Four-Way Intersection,1,On Roadway,0,None,1,Daylight,1,Clear,0,No,0000000,Not Applicable,99,Unknown,99,Unknown,99,Unknown EMS Scene Arrival Hour,99,Unknown EMS Scene Arrival Minutes,99,Unknown,99,Unknown EMS Hospital Arrival Time,FRANKLIN (21),2,1,0,0,0,0
53,Washington,530134,0,0,2,2,0,3,3,63,2110,SPOKANE,5,May,15,15,7,Saturday,2021,13,1:00pm-1:59pm,55,55,W INDIAN TRAIL RD,W Beacon Ave,6,Local Street - Municipality,2,Urban,4,Minor Arterial,4,City or Municipal Highway Agency,0,This section IS NOT on the NHS,0,No Special Jurisdiction,0,None,47.719575,47.719575,-117.4635861,-117.4635861,12,Motor Vehicle In-Transport,6,Angle,0,No,2,Intersection,2,Four-Way Intersection,1,On Roadway,0,None,1,Daylight,1,Clear,0,No,0000000,Not Applicable,99,Unknown,99,Unknown,99,Unknown EMS Scene Arrival Hour,99,Unknown EMS Scene Arrival Minutes,88,Not Applicable (Not Transported),88,Not Applicable (Not Transported),SPOKANE (63),1,0,0,0,0,0
53,Washington,530135,0,0,2,2,0,3,3,53,0,NOT APPLICABLE,5,May,12,12,4,Wednesday,2021,15,3:00pm-3:59pm,48,48,CR-S TAPPS DR E,175TH AVE CT E,4,County Road,2,Urban,5,Major Collector,2,County Highway Agency,0,This section IS NOT on the NHS,0,No Special Jurisdiction,17,17,47.209975,47.209975,-122.1957389,-122.1957389,12,Motor Vehicle In-Transport,2,Front-to-Front,0,No,2,Intersection,3,T-Intersection,1,On Roadway,0,None,1,Daylight,1,Clear,0,No,0000000,Not Applicable,99,Unknown,99,Unknown,99,Unknown EMS Scene Arrival Hour,99,Unknown EMS Scene Arrival Minutes,99,Unknown,99,Unknown EMS Hospital Arrival Time,PIERCE (53),1,0,0,0,0,0
53,Washington,530136,0,0,1,1,0,1,1,77,2590,YAKIMA,5,May,18,18,3,Tuesday,2021,23,11:00pm-11:59pm,56,56,PACIFIC AVE,,6,Local Street - Municipality,2,Urban,5,Major Collector,4,City or Municipal Highway Agency,0,This section IS NOT on the NHS,0,No Special Jurisdiction,0,None,46.59232778,46.59232778,-120.484825,-120.484825,30,Utility Pole/Light Support,0,The First Harmful Event was Not a Collision with a Motor Vehicle in Transport,0,No,1,Non-Junction,1,Not an Intersection,4,On Roadside,0,None,3,Dark - Lighted,1,Clear,0,No,0000000,Not Applicable,99,Unknown,99,Unknown,99,Unknown EMS Scene Arrival Hour,99,Unknown EMS Scene Arrival Minutes,99,Unknown,99,Unknown EMS Hospital Arrival Time,YAKIMA (77),1,1,0,0,1,0
53,Washington,530137,0,0,3,2,1,3,3,27,930,HOQUIAM,5,May,18,18,3,Tuesday,2021,12,12:00pm-12:59pm,5,5,US-101,CHENAULT AVE,2,U.S. Highway,2,Urban,3,Principal Arterial - Other,1,State Highway Agency,0,This section IS NOT on the NHS,0,No Special Jurisdiction,875,875,46.98368333,46.98368333,-123.8856722,-123.8856722,12,Motor Vehicle In-Transport,2,Front-to-Front,0,No,2,Intersection,2,Four-Way Intersection,1,On Roadway,0,None,1,Daylight,1,Clear,0,No,0000000,Not Applicable,99,Unknown,99,Unknown,99,Unknown EMS Scene Arrival Hour,99,Unknown EMS Scene Arrival Minutes,99,Unknown,99,Unknown EMS Hospital Arrival Time,GRAYS HARBOR (27),1,0,0,0,0,1
53,Washington,530138,0,0,1,1,0,2,2,73,740,FERNDALE,5,May,17,17,2,Monday,2021,19,7:00pm-7:59pm,38,38,CHERRY ST,FERNDALE RD,6,Local Street - Municipality,2,Urban,4,Minor Arterial,4,City or Municipal Highway Agency,0,This section IS NOT on the NHS,0,No Special Jurisdiction,0,None,48.84341389,48.84341389,-122.591025,-122.591025,3,Immersion or Partial Immersion,0,The First Harmful Event was Not a Collision with a Motor Vehicle in Transport,0,No,3,Intersection-Related,4,Y-Intersection,5,Outside Trafficway,0,None,1,Daylight,1,Clear,0,No,0000000,Not Applicable,99,Unknown,99,Unknown,99,Unknown EMS Scene Arrival Hour,99,Unknown EMS Scene Arrival Minutes,88,Not Applicable (Not Transported),88,Not Applicable (Not Transported),WHATCOM (73),2,0,0,0,0,0
53,Washington,530139,1,1,1,1,0,1,1,67,0,NOT APPLICABLE,5,May,19,19,4,Wednesday,2021,16,4:00pm-4:59pm,20,20,CR-93RD AVE SE,,4,County Road,1,Rural,4,Minor Arterial,2,County Highway Agency,0,This section IS NOT on the NHS,0,No Special Jurisdiction,99999,Unknown,46.95275556,46.95275556,-122.8960194,-122.8960194,9,Pedalcyclist,0,The First Harmful Event was Not a Collision with a Motor Vehicle in Transport,0,No,1,Non-Junction,1,Not an Intersection,1,On Roadway,0,None,1,Daylight,10,Cloudy,0,No,0000000,Not Applicable,99,Unknown,99,Unknown,99,Unknown EMS Scene Arrival Hour,99,Unknown EMS Scene Arrival Minutes,88,Not Applicable (Not Transported),88,Not Applicable (Not Transported),THURSTON (67),1,0,0,0,0,0
53,Washington,530140,0,0,2,2,0,2,2,25,0,NOT APPLICABLE,4,April,21,21,4,Wednesday,2021,20,8:00pm-8:59pm,18,18,SR-26,,3,State Highway,1,Rural,2,Principal Arterial - Other Freeways and Expressways,1,State Highway Agency,0,This section IS NOT on the NHS,0,No Special Jurisdiction,142,142,46.899025,46.899025,-119.7030194,-119.7030194,12,Motor Vehicle In-Transport,2,Front-to-Front,0,No,1,Non-Junction,1,Not an Intersection,1,On Roadway,0,None,5,Dusk,1,Clear,0,No,0000000,Not Applicable,99,Unknown,99,Unknown,99,Unknown EMS Scene Arrival Hour,99,Unknown EMS Scene Arrival Minutes,99,Unknown,99,Unknown EMS Hospital Arrival Time,GRANT (25),1,0,0,0,0,0
53,Washington,530141,0,0,2,2,0,2,2,59,0,NOT APPLICABLE,5,May,14,14,6,Friday,2021,17,5:00pm-5:59pm,14,14,SR-14,,3,State Highway,1,Rural,3,Principal Arterial - Other,1,State Highway Agency,0,This section IS NOT on the NHS,0,No Special Jurisdiction,234,234,45.56603333,45.56603333,-122.21415,-122.21415,24,Guardrail Face,0,The First Harmful Event was Not a Collision with a Motor Vehicle in Transport,0,No,1,Non-Junction,1,Not an Intersection,4,On Roadside,0,None,1,Daylight,1,Clear,0,No,0000000,Not Applicable,99,Unknown,99,Unknown,99,Unknown EMS Scene Arrival Hour,99,Unknown EMS Scene Arrival Minutes,88,Not Applicable (Not Transported),88,Not Applicable (Not Transported),SKAMANIA (59),1,0,0,0,0,1
53,Washington,530142,0,0,1,1,0,1,1,53,0,NOT APPLICABLE,5,May,21,21,6,Friday,2021,23,11:00pm-11:59pm,26,26,CR-152ND ST E,,4,County Road,2,Urban,3,Principal Arterial - Other,2,County Highway Agency,0,This section IS NOT on the NHS,0,No Special Jurisdiction,33,33,47.11816667,47.11816667,-122.3761278,-122.3761278,43,Other Fixed Object,0,The First Harmful Event was Not a Collision with a Motor Vehicle in Transport,0,No,1,Non-Junction,1,Not an Intersection,4,On Roadside,0,None,2,Dark - Not Lighted,1,Clear,0,No,0000000,Not Applicable,99,Unknown,99,Unknown,99,Unknown EMS Scene Arrival Hour,99,Unknown EMS Scene Arrival Minutes,99,Unknown,99,Unknown EMS Hospital Arrival Time,PIERCE (53),1,1,0,0,0,0
53,Washington,530143,1,1,1,1,0,1,1,33,532,DES MOINES,5,May,14,14,6,Friday,2021,23,11:00pm-11:59pm,43,43,SR-99,,3,State Highway,2,Urban,3,Principal Arterial - Other,1,State Highway Agency,0,This section IS NOT on the NHS,0,No Special Jurisdiction,122,122,47.39825,47.39825,-122.2960583,-122.2960583,8,Pedestrian,0,The First Harmful Event was Not a Collision with a Motor Vehicle in Transport,0,No,1,Non-Junction,1,Not an Intersection,1,On Roadway,0,None,3,Dark - Lighted,1,Clear,0,No,0000000,Not Applicable,99,Unknown,99,Unknown,99,Unknown EMS Scene Arrival Hour,99,Unknown EMS Scene Arrival Minutes,88,Not Applicable (Not Transported),88,Not Applicable (Not Transported),KING (33),1,1,0,0,0,0
53,Washington,530144,0,0,1,1,0,1,1,53,0,NOT APPLICABLE,5,May,8,8,7,Saturday,2021,22,10:00pm-10:59pm,28,28,SR-7,,3,State Highway,1,Rural,4,Minor Arterial,1,State Highway Agency,0,This section IS NOT on the NHS,0,No Special Jurisdiction,327,327,46.88852778,46.88852778,-122.3572472,-122.3572472,42,Tree (Standing Only),0,The First Harmful Event was Not a Collision with a Motor Vehicle in Transport,0,No,1,Non-Junction,1,Not an Intersection,4,On Roadside,0,None,2,Dark - Not Lighted,10,Cloudy,0,No,0000000,Not Applicable,99,Unknown,99,Unknown,99,Unknown EMS Scene Arrival Hour,99,Unknown EMS Scene Arrival Minutes,88,Not Applicable (Not Transported),88,Not Applicable (Not Transported),PIERCE (53),1,0,0,0,0,0
53,Washington,530145,0,0,2,2,0,2,2,15,0,NOT APPLICABLE,5,May,18,18,3,Tuesday,2021,17,5:00pm-5:59pm,45,45,SR-4,,3,State Highway,1,Rural,3,Principal Arterial - Other,1,State Highway Agency,0,This section IS NOT on the NHS,0,No Special Jurisdiction,525,525,46.18498889,46.18498889,-123.0808806,-123.0808806,24,Guardrail Face,0,The First Harmful Event was Not a Collision with a Motor Vehicle in Transport,0,No,1,Non-Junction,1,Not an Intersection,4,On Roadside,0,None,1,Daylight,1,Clear,0,No,0000000,Not Applicable,99,Unknown,99,Unknown,99,Unknown EMS Scene Arrival Hour,99,Unknown EMS Scene Arrival Minutes,99,Unknown,99,Unknown EMS Hospital Arrival Time,COWLITZ (15),1,0,0,0,0,0