STATE,STATENAME,ST_CASE,PEDS,PERNOTMVIT,VE_TOTAL,VE_FORMS,PVH_INVL,PERSONS,PERMVIT,COUNTY,CITY,CITYNAME,MONTH,MONTHNAME,DAY,DAYNAME,DAY_WEEK,DAY_WEEKNAME,YEAR,HOUR,HOURNAME,MINUTE,MINUTENAME,TWAY_ID,TWAY_ID2,ROUTE,ROUTENAME,RUR_URB,RUR_URBNAME,FUNC_SYS,FUNC_SYSNAME,RD_OWNER,RD_OWNERNAME,NHS,NHSNAME,SP_JUR,SP_JURNAME,MILEPT,MILEPTNAME,LATITUDE,LATITUDENAME,LONGITUD,LONGITUDNAME,HARM_EV,HARM_EVNAME,MAN_COLL,MAN_COLLNAME,RELJCT1,RELJCT1NAME,RELJCT2,RELJCT2NAME,TYP_INT,TYP_INTNAME,REL_ROAD,REL_ROADNAME,WRK_ZONE,WRK_ZONENAME,LGT_COND,LGT_CONDNAME,WEATHER,WEATHERNAME,SCH_BUS,SCH_BUSNAME,RAIL,RAILNAME,NOT_HOUR,NOT_HOURNAME,NOT_MIN,NOT_MINNAME,ARR_HOUR,ARR_HOURNAME,ARR_MIN,ARR_MINNAME,HOSP_HR,HOSP_HRNAME,HOSP_MN,HOSP_MNNAME,COUNTYNAME,FATALS,young,old,drink,truck,old_car
53,Washington,530290,0,0,1,1,0,1,1,23,0,NOT APPLICABLE,8,August,10,10,3,Tuesday,2021,17,5:00pm-5:59pm,40,40,US-12,,2,U.S. Highway,1,Rural,3,Principal Arterial - Other,1,State Highway Agency,1,This section IS ON the NHS,0,No Special Jurisdiction,4080,4080,46.44624444,46.44624444,-117.45935,-117.45935,34,Ditch,0,The First Harmful Event was Not a Collision with a Motor Vehicle in Transport,0,No,1,Non-Junction,1,Not an Intersection,4,On Roadside,0,None,1,Daylight,1,Clear,0,No,0000000,Not Applicable,99,Unknown,99,Unknown,99,Unknown EMS Scene Arrival Hour,99,Unknown EMS Scene Arrival Minutes,99,Unknown,99,Unknown EMS Hospital Arrival Time,GARFIELD (23),1,0,0,0,0,0
53,Washington,530291,0,0,2,2,0,5,5,11,0,NOT APPLICABLE,8,August,12,12,5,Thursday,2021,0,0:00am-0:59am,0,0,I-5,,1,Interstate,2,Urban,1,Interstate,1,State Highway Agency,1,This section IS ON the NHS,0,No Special Jurisdiction,82,82,45.73198056,45.73198056,-122.6571056,-122.6571056,12,Motor Vehicle In-Transport,1,Front-to-Rear,0,No,1,Non-Junction,1,Not an Intersection,1,On Roadway,2,Maintenance,2,Dark - Not Lighted,1,Clear,0,No,0000000,Not Applicable,99,Unknown,99,Unknown,99,Unknown EMS Scene Arrival Hour,99,Unknown EMS Scene Arrival Minutes,99,Unknown,99,Unknown EMS Hospital Arrival Time,CLARK (11),2,0,0,0,0,1
53,Washington,530292,0,0,2,2,0,2,2,71,0,NOT APPLICABLE,8,August,6,6,6,Friday,2021,5,5:00am-5:59am,8,8,SR-124,,3,State Highway,1,Rural,4,Minor Arterial,1,State Highway Agency,0,This section IS NOT on the NHS,0,No Special Jurisdiction,91,91,46.23656389,46.23656389,-118.8362278,-118.8362278,12,Motor Vehicle In-Transport,2,Front-to-Front,0,No,1,Non-Junction,1,Not an Intersection,1,On Roadway,0,None,2,Dark - Not Lighted,1,Clear,0,No,0000000,Not Applicable,99,Unknown,99,Unknown,99,Unknown EMS Scene Arrival Hour,99,Unknown EMS Scene Arrival Minutes,99,Unknown,99,Unknown EMS Hospital Arrival Time,WALLA WALLA (71),1,1,0,0,0,0
53,Washington,530293,0,0,1,1,0,1,1,67,1102,LACEY,8,August,7,7,7,Saturday,2021,3,3:00am-3:59am,18,18,COLLEGE ST SE,22nd Ave SE,6,Local Street - Municipality,2,Urban,3,Principal Arterial - Other,4,City or Municipal Highway Agency,0,This section IS NOT on the NHS,0,No Special Jurisdiction,0,None,47.02751111,47.02751111,-122.8233194,-122.8233194,1,Rollover/Overturn,0,The First Harmful Event was Not a Collision with a Motor Vehicle in Transport,0,No,2,Intersection,6,Roundabout,1,On Roadway,0,None,3,Dark - Lighted,1,Clear,0,No,0000000,Not Applicable,99,Unknown,99,Unknown,99,Unknown EMS Scene Arrival Hour,99,Unknown EMS Scene Arrival Minutes,99,Unknown,99,Unknown EMS Hospital Arrival Time,THURSTON (67),1,0,0,0,0,0
53,Washington,530294,0,0,1,1,0,2,2,27,0,NOT APPLICABLE,8,August,2,2,2,Monday,2021,23,11:00pm-11:59pm,16,16,SR-109,,3,State Highway,1,Rural,5,Major Collector,1,State Highway Agency,0,This section IS NOT on the NHS,0,No Special Jurisdiction,243,243,47.15505556,47.15505556,-124.1829528,-124.1829528,42,Tree (Standing Only),0,The First Harmful Event was Not a Collision with a Motor Vehicle in Transport,0,No,1,Non-Junction,1,Not an Intersection,4,On Roadside,0,None,2,Dark - Not Lighted,1,Clear,0,No,0000000,Not Applicable,99,Unknown,99,Unknown,99,Unknown EMS Scene Arrival Hour,99,Unknown EMS Scene Arrival Minutes,99,Unknown,99,Unknown EMS Hospital Arrival Time,GRAYS HARBOR (27),1,1,0,0,0,1
53,Washington,530296,1,1,1,1,0,1,1,33,1960,SEATTLE,3,March,31,31,4,Wednesday,2021,11,11:00am-11:59am,59,59,WABASH AVE S,S Cloverdale Pl,6,Local Street - Municipality,2,Urban,5,Major Collector,4,City or Municipal Highway Agency,0,This section IS NOT on the NHS,0,No Special Jurisdiction,0,None,47.52771389,47.52771389,-122.2675861,-122.2675861,9,Pedalcyclist,0,The First Harmful Event was Not a Collision with a Motor Vehicle in Transport,0,No,2,Intersection,2,Four-Way Intersection,1,On Roadway,0,None,1,Daylight,1,Clear,0,No,0000000,Not Applicable,99,Unknown,99,Unknown,99,Unknown EMS Scene Arrival Hour,99,Unknown EMS Scene Arrival Minutes,99,Unknown,99,Unknown EMS Hospital Arrival Time,KING (33),1,1,0,0,0,0
53,Washington,530297,0,0,2,2,0,2,2,53,0,NOT APPLICABLE,6,June,25,25,6,Friday,2021,16,4:00pm-4:59pm,6,6,SR-161,156TH ST,3,State Highway,2,Urban,3,Principal Arterial - Other,1,State Highway Agency,0,This section IS NOT on the NHS,0,No Special Jurisdiction,225,225,47.11468611,47.11468611,-122.2933139,-122.2933139,1,Rollover/Overturn,0,The First Harmful Event was Not a Collision with a Motor Vehicle in Transport,0,No,3,Intersection-Related,2,Four-Way Intersection,1,On Roadway,0,None,1,Daylight,1,Clear,0,No,0000000,Not Applicable,99,Unknown,99,Unknown,99,Unknown EMS Scene Arrival Hour,99,Unknown EMS Scene Arrival Minutes,99,Unknown,99,Unknown EMS Hospital Arrival Time,PIERCE (53),1,0,0,0,0,0
53,Washington,530298,0,0,2,2,0,3,3,25,0,NOT APPLICABLE,8,August,11,11,4,Wednesday,2021,15,3:00pm-3:59pm,34,34,SR-283,ADAMS RD,3,State Highway,1,Rural,4,Minor Arterial,1,State Highway Agency,0,This section IS NOT on the NHS,0,No Special Jurisdiction,40,40,47.14278889,47.14278889,-119.7688361,-119.7688361,12,Motor Vehicle In-Transport,6,Angle,0,No,2,Intersection,2,Four-Way Intersection,1,On Roadway,0,None,1,Daylight,1,Clear,0,No,0000000,Not Applicable,99,Unknown,99,Unknown,99,Unknown EMS Scene Arrival Hour,99,Unknown EMS Scene Arrival Minutes,88,Not Applicable (Not Transported),88,Not Applicable (Not Transported),GRANT (25),2,1,0,0,0,0
53,Washington,530299,0,0,1,1,0,1,1,61,690,EVERETT,8,August,12,12,5,Thursday,2021,0,0:00am-0:59am,30,30,I-5 RAMP,,1,Interstate,2,Urban,1,Interstate,1,State Highway Agency,1,This section IS ON the NHS,0,No Special Jurisdiction,1941,1941,47.98218056,47.98218056,-122.1853028,-122.1853028,24,Guardrail Face,0,The First Harmful Event was Not a Collision with a Motor Vehicle in Transport,1,Yes,5,Entrance/Exit Ramp Related,1,Not an Intersection,4,On Roadside,0,None,2,Dark - Not Lighted,1,Clear,0,No,0000000,Not Applicable,99,Unknown,99,Unknown,99,Unknown EMS Scene Arrival Hour,99,Unknown EMS Scene Arrival Minutes,88,Not Applicable (Not Transported),88,Not Applicable (Not Transported),SNOHOMISH (61),1,0,0,0,0,0
53,Washington,530300,1,1,1,1,0,1,1,53,0,NOT APPLICABLE,8,August,14,14,7,Saturday,2021,0,0:00am-0:59am,1,1,CR-CANYON RD E,,4,County Road,2,Urban,3,Principal Arterial - Other,2,County Highway Agency,0,This section IS NOT on the NHS,0,No Special Jurisdiction,60,60,47.16593056,47.16593056,-122.3571028,-122.3571028,8,Pedestrian,0,The First Harmful Event was Not a Collision with a Motor Vehicle in Transport,0,No,1,Non-Junction,1,Not an Intersection,1,On Roadway,0,None,3,Dark - Lighted,1,Clear,0,No,0000000,Not Applicable,99,Unknown,99,Unknown,99,Unknown EMS Scene Arrival Hour,99,Unknown EMS Scene Arrival Minutes,88,Not Applicable (Not Transported),88,Not Applicable (Not Transported),PIERCE (53),1,1,0,0,0,1
53,Washington,530302,1,1,1,1,0,1,1,33,1030,KENT,8,August,15,15,1,Sunday,2021,2,2:00am-2:59am,39,39,W SMITH ST,,6,Local Street - Municipality,2,Urban,5,Major Collector,4,City or Municipal Highway Agency,0,This section IS NOT on the NHS,0,No Special Jurisdiction,0,None,47.38308056,47.38308056,-122.2397389,-122.2397389,9,Pedalcyclist,0,The First Harmful Event was Not a Collision with a Motor Vehicle in Transport,0,No,1,Non-Junction,1,Not an Intersection,1,On Roadway,0,None,3,Dark - Lighted,1,Clear,0,No,0000000,Not Applicable,99,Unknown,99,Unknown,99,Unknown EMS Scene Arrival Hour,99,Unknown EMS Scene Arrival Minutes,88,Not Applicable (Not Transported),88,Not Applicable (Not Transported),KING (33),1,0,0,0,0,0
53,Washington,530303,0,0,2,2,0,2,2,61,0,NOT APPLICABLE,8,August,8,8,1,Sunday,2021,15,3:00pm-3:59pm,50,50,I-5,,1,Interstate,2,Urban,1,Interstate,1,State Highway Agency,1,This section IS ON the NHS,0,No Special Jurisdiction,1964,1964,48.01326389,48.01326389,-122.1747583,-122.1747583,12,Motor Vehicle In-Transport,1,Front-to-Rear,0,No,1,Non-Junction,1,Not an Intersection,1,On Roadway,0,None,1,Daylight,1,Clear,0,No,0000000,Not Applicable,99,Unknown,99,Unknown,99,Unknown EMS Scene Arrival Hour,99,Unknown EMS Scene Arrival Minutes,99,Unknown,99,Unknown EMS Hospital Arrival Time,SNOHOMISH (61),1,0,0,0,0,0
53,Washington,530304,0,0,1,1,0,4,4,1,0,NOT APPLICABLE,8,August,15,15,1,Sunday,2021,16,4:00pm-4:59pm,3,3,I-90,,1,Interstate,1,Rural,1,Interstate,1,State Highway Agency,1,This section IS ON the NHS,0,No Special Jurisdiction,2104,2104,47.11121111,47.11121111,-118.5603861,-118.5603861,1,Rollover/Overturn,0,The First Harmful Event was Not a Collision with a Motor Vehicle in Transport,0,No,1,Non-Junction,1,Not an Intersection,3,On Median,0,None,1,Daylight,1,Clear,0,No,0000000,Not Applicable,99,Unknown,99,Unknown,99,Unknown EMS Scene Arrival Hour,99,Unknown EMS Scene Arrival Minutes,88,Not Applicable (Not Transported),88,Not Applicable (Not Transported),ADAMS (1),1,1,0,0,0,0
53,Washington,530305,0,0,4,4,0,6,6,33,1830,RENTON,8,August,16,16,2,Monday,2021,17,5:00pm-5:59pm,1,1,LIND AVE SW,SW 16th St,6,Local Street - Municipality,2,Urban,4,Minor Arterial,4,City or Municipal Highway Agency,0,This section IS NOT on the NHS,0,No Special Jurisdiction,0,None,47.46608056,47.46608056,-122.2233417,-122.2233417,12,Motor Vehicle In-Transport,6,Angle,0,No,2,Intersection,2,Four-Way Intersection,1,On Roadway,0,None,1,Daylight,1,Clear,0,No,0000000,Not Applicable,99,Unknown,99,Unknown,99,Unknown EMS Scene Arrival Hour,99,Unknown EMS Scene Arrival Minutes,99,Unknown,99,Unknown EMS Hospital Arrival Time,KING (33),1,0,0,0,0,0
53,Washington,530306,0,0,2,2,0,2,2,63,2110,SPOKANE,8,August,16,16,2,Monday,2021,20,8:00pm-8:59pm,53,53,W HOLYOKE AVE,,6,Local Street - Municipality,2,Urban,7,Local,4,City or Municipal Highway Agency,0,This section IS NOT on the NHS,0,No Special Jurisdiction,0,None,47.71805278,47.71805278,-117.4619611,-117.4619611,12,Motor Vehicle In-Transport,6,Angle,0,No,8,Driveway Access Related,1,Not an Intersection,1,On Roadway,0,None,3,Dark - Lighted,1,Clear,0,No,0000000,Not Applicable,99,Unknown,99,Unknown,99,Unknown EMS Scene Arrival Hour,99,Unknown EMS Scene Arrival Minutes,99,Unknown,99,Unknown EMS Hospital Arrival Time,SPOKANE (63),1,0,0,0,0,0
53,Washington,530307,0,0,2,2,0,2,2,5,0,NOT APPLICABLE,8,August,8,8,1,Sunday,2021,20,8:00pm-8:59pm,15,15,SR-221,SELLARDS RD,3,State Highway,1,Rural,4,Minor Arterial,1,State Highway Agency,0,This section IS NOT on the NHS,0,No Special Jurisdiction,134,134,46.13107778,46.13107778,-119.6016083,-119.6016083,12,Motor Vehicle In-Transport,6,Angle,0,No,2,Intersection,2,Four-Way Intersection,1,On Roadway,0,None,5,Dusk,1,Clear,0,No,0000000,Not Applicable,99,Unknown,99,Unknown,99,Unknown EMS Scene Arrival Hour,99,Unknown EMS Scene Arrival Minutes,88,Not Applicable (Not Transported),88,Not Applicable (Not Transported),BENTON (5),2,0,0,0,0,0
53,Washington,530308,1,1,1,1,0,1,1,15,0,NOT APPLICABLE,8,August,10,10,3,Tuesday,2021,20,8:00pm-8:59pm,31,31,I-5,,1,Interstate,1,Rural,1,Interstate,1,State Highway Agency,1,This section IS ON the NHS,0,No Special Jurisdiction,233,233,45.93380833,45.93380833,-122.7638389,-122.7638389,8,Pedestrian,0,The First Harmful Event was Not a Collision with a Motor Vehicle in Transport,0,No,1,Non-Junction,1,Not an Intersection,1,On Roadway,0,None,1,Daylight,1,Clear,0,No,0000000,Not Applicable,99,Unknown,99,Unknown,99,Unknown EMS Scene Arrival Hour,99,Unknown EMS Scene Arrival Minutes,99,Unknown,99,Unknown EMS Hospital Arrival Time,COWLITZ (15),1,0,0,0,0,0
53,Washington,530309,0,0,1,1,0,1,1,67,0,NOT APPLICABLE,8,August,15,15,1,Sunday,2021,0,0:00am-0:59am,0,0,SR-510,,3,State Highway,1,Rural,4,Minor Arterial,1,State Highway Agency,0,This section IS NOT on the NHS,0,No Special Jurisdiction,92,92,46.98558333,46.98558333,-122.6503917,-122.6503917,1,Rollover/Overturn,0,The First Harmful Event was Not a Collision with a Motor Vehicle in Transport,0,No,1,Non-Junction,1,Not an Intersection,4,On Roadside,0,None,2,Dark - Not Lighted,1,Clear,0,No,0000000,Not Applicable,99,Unknown,99,Unknown,99,Unknown EMS Scene Arrival Hour,99,Unknown EMS Scene Arrival Minutes,88,Not Applicable (Not Transported),88,Not Applicable (Not Transported),THURSTON (67),1,1,0,0,0,0
53,Washington,530310,0,0,4,4,0,10,10,53,2230,TACOMA,8,August,19,19,5,Thursday,2021,19,7:00pm-7:59pm,56,56,I-5 RAMP,S HOSMER ST,1,Interstate,2,Urban,1,Interstate,1,State Highway Agency,1,This section IS ON the NHS,0,No Special Jurisdiction,0,None,47.17924444,47.17924444,-122.4631722,-122.4631722,12,Motor Vehicle In-Transport,6,Angle,0,No,2,Intersection,3,T-Intersection,1,On Roadway,0,None,1,Daylight,1,Clear,0,No,0000000,Not Applicable,99,Unknown,99,Unknown,99,Unknown EMS Scene Arrival Hour,99,Unknown EMS Scene Arrival Minutes,99,Unknown,99,Unknown EMS Hospital Arrival Time,PIERCE (53),2,0,0,0,0,0
53,Washington,530311,0,0,2,2,0,3,3,77,2220,SUNNYSIDE,8,August,11,11,4,Wednesday,2021,9,9:00am-9:59am,9,9,I-82,,1,Interstate,2,Urban,1,Interstate,1,State Highway Agency,1,This section IS ON the NHS,0,No Special Jurisdiction,697,697,46.30085833,46.30085833,-119.9648361,-119.9648361,12,Motor Vehicle In-Transport,6,Angle,0,No,1,Non-Junction,1,Not an Intersection,1,On Roadway,0,None,1,Daylight,1,Clear,0,No,0000000,Not Applicable,99,Unknown,99,Unknown,99,Unknown EMS Scene Arrival Hour,99,Unknown EMS Scene Arrival Minutes,88,Not Applicable (Not Transported),88,Not Applicable (Not Transported),YAKIMA (77),1,0,0,0,0,0
53,Washington,530312,0,0,2,2,0,3,3,33,0,NOT APPLICABLE,8,August,19,19,5,Thursday,2021,23,11:00pm-11:59pm,39,39,SR-18,,3,State Highway,2,Urban,2,Principal Arterial - Other Freeways and Expressways,1,State Highway Agency,0,This section IS NOT on the NHS,0,No Special Jurisdiction,258,258,47.47393333,47.47393333,-121.8979861,-121.8979861,12,Motor Vehicle In-Transport,1,Front-to-Rear,0,No,1,Non-Junction,1,Not an Intersection,1,On Roadway,0,None,2,Dark - Not Lighted,1,Clear,0,No,0000000,Not Applicable,99,Unknown,99,Unknown,99,Unknown EMS Scene Arrival Hour,99,Unknown EMS Scene Arrival Minutes,99,Unknown,99,Unknown EMS Hospital Arrival Time,KING (33),1,0,0,0,0,1
53,Washington,530314,1,1,1,1,0,1,1,33,1960,SEATTLE,7,July,14,14,4,Wednesday,2021,11,11:00am-11:59am,10,10,37TH AVE S,,6,Local Street - Municipality,2,Urban,7,Local,4,City or Municipal Highway Agency,0,This section IS NOT on the NHS,0,No Special Jurisdiction,0,None,47.51528611,47.51528611,-122.2859333,-122.2859333,8,Pedestrian,0,The First Harmful Event was Not a Collision with a Motor Vehicle in Transport,0,No,1,Non-Junction,1,Not an Intersection,1,On Roadway,0,None,1,Daylight,1,Clear,0,No,0000000,Not Applicable,99,Unknown,99,Unknown,99,Unknown EMS Scene Arrival Hour,99,Unknown EMS Scene Arrival Minutes,99,Unknown,99,Unknown EMS Hospital Arrival Time,KING (33),1,0,0,0,0,1
53,Washington,530315,0,0,2,2,0,2,2,53,2230,TACOMA,8,August,22,22,1,Sunday,2021,13,1:00pm-1:59pm,28,28,S 56TH ST,S I St,6,Local Street - Municipality,2,Urban,4,Minor Arterial,4,City or Municipal Highway Agency,0,This section IS NOT on the NHS,0,No Special Jurisdiction,0,None,47.20638611,47.20638611,-122.4458611,-122.4458611,12,Motor Vehicle In-Transport,6,Angle,0,No,2,Intersection,2,Four-Way Intersection,1,On Roadway,0,None,1,Daylight,10,Cloudy,0,No,0000000,Not Applicable,99,Unknown,99,Unknown,99,Unknown EMS Scene Arrival Hour,99,Unknown EMS Scene Arrival Minutes,99,Unknown,99,Unknown EMS Hospital Arrival Time,PIERCE (53),1,0,0,0,0,0
53,Washington,530317,0,0,1,1,0,1,1,53,2230,TACOMA,8,August,2,2,2,Monday,2021,16,4:00pm-4:59pm,14,14,I-5 RAMP,,1,Interstate,2,Urban,1,Interstate,1,State Highway Agency,1,This section IS ON the NHS,0,No Special Jurisdiction,3,3,47.22911389,47.22911389,-122.4632194,-122.4632194,25,Concrete Traffic Barrier,0,The First Harmful Event was Not a Collision with a Motor Vehicle in Transport,1,Yes,5,Entrance/Exit Ramp Related,1,Not an Intersection,4,On Roadside,0,None,1,Daylight,1,Clear,0,No,0000000,Not Applicable,99,Unknown,99,Unknown,99,Unknown EMS Scene Arrival Hour,99,Unknown EMS Scene Arrival Minutes,99,Unknown,99,Unknown EMS Hospital Arrival Time,PIERCE (53),1,0,0,0,0,1
53,Washington,530318,0,0,3,3,0,3,3,17,570,EAST WENATCHEE,8,August,23,23,2,Monday,2021,5,5:00am-5:59am,27,27,SR-28,,3,State Highway,2,Urban,2,Principal Arterial - Other Freeways and Expressways,1,State Highway Agency,0,This section IS NOT on the NHS,0,No Special Jurisdiction,31,31,47.42311389,47.42311389,-120.2975306,-120.2975306,12,Motor Vehicle In-Transport,2,Front-to-Front,0,No,1,Non-Junction,1,Not an Intersection,1,On Roadway,0,None,3,Dark - Lighted,1,Clear,0,No,0000000,Not Applicable,99,Unknown,99,Unknown,99,Unknown EMS Scene Arrival Hour,99,Unknown EMS Scene Arrival Minutes,99,Unknown,99,Unknown EMS Hospital Arrival Time,DOUGLAS (17),1,1,0,0,0,0
53,Washington,530319,0,0,2,2,0,2,2,33,0,NOT APPLICABLE,8,August,24,24,3,Tuesday,2021,13,1:00pm-1:59pm,1,1,CR-SE AUBURN BLACK DIAM,,4,County Road,1,Rural,4,Minor Arterial,2,County Highway Agency,0,This section IS NOT on the NHS,0,No Special Jurisdiction,23,23,47.31617222,47.31617222,-122.1441278,-122.1441278,12,Motor Vehicle In-Transport,6,Angle,0,No,1,Non-Junction,1,Not an Intersection,1,On Roadway,0,None,1,Daylight,1,Clear,0,No,0000000,Not Applicable,99,Unknown,99,Unknown,99,Unknown EMS Scene Arrival Hour,99,Unknown EMS Scene Arrival Minutes,88,Not Applicable (Not Transported),88,Not Applicable (Not Transported),KING (33),1,0,1,0,0,0
53,Washington,530320,1,1,3,3,0,5,5,11,2370,VANCOUVER,8,August,24,24,3,Tuesday,2021,16,4:00pm-4:59pm,9,9,NE FOURTH PLAIN BLVD,NE VANCOUVER MALL DR,6,Local Street - Municipality,2,Urban,3,Principal Arterial - Other,1,State Highway Agency,0,This section IS NOT on the NHS,0,No Special Jurisdiction,3,3,45.65756667,45.65756667,-122.5755528,-122.5755528,12,Motor Vehicle In-Transport,6,Angle,0,No,3,Intersection-Related,2,Four-Way Intersection,1,On Roadway,0,None,1,Daylight,1,Clear,0,No,0000000,Not Applicable,99,Unknown,99,Unknown,99,Unknown EMS Scene Arrival Hour,99,Unknown EMS Scene Arrival Minutes,99,Unknown,99,Unknown EMS Hospital Arrival Time,CLARK (11),1,1,0,0,0,0
53,Washington,530321,0,0,2,2,0,2,2,33,1960,SEATTLE,7,July,23,23,6,Friday,2021,22,10:00pm-10:59pm,46,46,SR-99,ROOSEVELT WAY N,3,State Highway,2,Urban,3,Principal Arterial - Other,1,State Highway Agency,0,This section IS NOT on the NHS,0,No Special Jurisdiction,340,340,47.73357778,47.73357778,-122.3450861,-122.3450861,12,Motor Vehicle In-Transport,1,Front-to-Rear,0,No,3,Intersection-Related,3,T-Intersection,1,On Roadway,0,None,3,Dark - Lighted,1,Clear,0,No,0000000,Not Applicable,99,Unknown,99,Unknown,99,Unknown EMS Scene Arrival Hour,99,Unknown EMS Scene Arrival Minutes,88,Not Applicable (Not Transported),88,Not Applicable (Not Transported),KING (33),1,0,0,0,0,0
53,Washington,530323,0,0,2,2,0,3,3,25,0,NOT APPLICABLE,8,August,5,5,5,Thursday,2021,14,2:00pm-2:59pm,25,25,CR-ROAD 11 SW,RD E SW,4,County Road,1,Rural,6,Minor Collector,2,County Highway Agency,0,This section IS NOT on the NHS,0,No Special Jurisdiction,121,121,46.92826111,46.92826111,-119.6005694,-119.6005694,12,Motor Vehicle In-Transport,6,Angle,0,No,2,Intersection,2,Four-Way Intersection,1,On Roadway,0,None,1,Daylight,1,Clear,0,No,0000000,Not Applicable,99,Unknown,99,Unknown,99,Unknown EMS Scene Arrival Hour,99,Unknown EMS Scene Arrival Minutes,99,Unknown,99,Unknown EMS Hospital Arrival Time,GRANT (25),2,0,0,0,1,0
53,Washington,530324,0,0,1,1,0,2,2,25,0,NOT APPLICABLE,8,August,7,7,7,Saturday,2021,6,6:00am-6:59am,1,1,CR-ROAD 9 NE,,4,County Road,1,Rural,7,Local,2,County Highway Agency,0,This section IS NOT on the NHS,0,No Special Jurisdiction,95,95,47.21915,47.21915,-119.2617194,-119.2617194,58,Ground,0,The First Harmful Event was Not a Collision with a Motor Vehicle in Transport,0,No,1,Non-Junction,1,Not an Intersection,4,On Roadside,0,None,9,Reported as Unknown,1,Clear,0,No,0000000,Not Applicable,99,Unknown,99,Unknown,99,Unknown EMS Scene Arrival Hour,99,Unknown EMS Scene Arrival Minutes,99,Unknown,99,Unknown EMS Hospital Arrival Time,GRANT (25),1,0,0,0,0,0
53,Washington,530325,0,0,2,2,0,3,3,33,1050,KIRKLAND,8,August,20,20,6,Friday,2021,7,7:00am-7:59am,14,14,I-405,,1,Interstate,2,Urban,1,Interstate,1,State Highway Agency,1,This section IS ON the NHS,0,No Special Jurisdiction,179,179,47.67636389,47.67636389,-122.1848,-122.1848,25,Concrete Traffic Barrier,0,The First Harmful Event was Not a Collision with a Motor Vehicle in Transport,1,Yes,19,Other location within Interchange Area,1,Not an Intersection,3,On Median,0,None,1,Daylight,10,Cloudy,0,No,0000000,Not Applicable,99,Unknown,99,Unknown,99,Unknown EMS Scene Arrival Hour,99,Unknown EMS Scene Arrival Minutes,99,Unknown,99,Unknown EMS Hospital Arrival Time,KING (33),1,0,0,1,0,1
53,Washington,530326,1,1,1,1,0,2,2,61,1215,LYNNWOOD,8,August,27,27,6,Friday,2021,12,12:00pm-12:59pm,37,37,SR-99,VALUE VILLAGE,3,State Highway,2,Urban,3,Principal Arterial - Other,1,State Highway Agency,0,This section IS NOT on the NHS,0,No Special Jurisdiction,421,421,47.84173889,47.84173889,-122.2973028,-122.2973028,8,Pedestrian,0,The First Harmful Event was Not a Collision with a Motor Vehicle in Transport,0,No,3,Intersection-Related,3,T-Intersection,1,On Roadway,0,None,1,Daylight,2,Rain,0,No,0000000,Not Applicable,99,Unknown,99,Unknown,99,Unknown EMS Scene Arrival Hour,99,Unknown EMS Scene Arrival Minutes,88,Not Applicable (Not Transported),88,Not Applicable (Not Transported),SNOHOMISH (61),1,0,0,0,0,0
53,Washington,530327,0,0,1,1,0,1,1,77,2590,YAKIMA,8,August,29,29,1,Sunday,2021,10,10:00am-10:59am,44,44,I-82,,1,Interstate,2,Urban,1,Interstate,1,State Highway Agency,1,This section IS ON the NHS,0,No Special Jurisdiction,314,314,46.62636944,46.62636944,-120.5074,-120.5074,21,Bridge Pier or Support,0,The First Harmful Event was Not a Collision with a Motor Vehicle in Transport,0,No,1,Non-Junction,1,Not an Intersection,4,On Roadside,0,None,1,Daylight,1,Clear,0,No,0000000,Not Applicable,99,Unknown,99,Unknown,99,Unknown EMS Scene Arrival Hour,99,Unknown EMS Scene Arrival Minutes,88,Not Applicable (Not Transported),88,Not Applicable (Not Transported),YAKIMA (77),1,0,0,0,1,0
53,Washington,530328,0,0,1,1,0,1,1,67,1590,OLYMPIA,8,August,27,27,6,Friday,2021,7,7:00am-7:59am,45,45,WHEELER AVE SE,,6,Local Street - Municipality,2,Urban,5,Major Collector,4,City or Municipal Highway Agency,0,This section IS NOT on the NHS,0,No Special Jurisdiction,0,None,47.03503889,47.03503889,-122.8816083,-122.8816083,42,Tree (Standing Only),0,The First Harmful Event was Not a Collision with a Motor Vehicle in Transport,0,No,1,Non-Junction,1,Not an Intersection,4,On Roadside,0,None,1,Daylight,1,Clear,0,No,0000000,Not Applicable,99,Unknown,99,Unknown,99,Unknown EMS Scene Arrival Hour,99,Unknown EMS Scene Arrival Minutes,88,Not Applicable (Not Transported),88,Not Applicable (Not Transported),THURSTON (67),1,0,0,0,0,0