STATE,STATENAME,ST_CASE,PEDS,PERNOTMVIT,VE_TOTAL,VE_FORMS,PVH_INVL,PERSONS,PERMVIT,COUNTY,CITY,CITYNAME,MONTH,MONTHNAME,DAY,DAYNAME,DAY_WEEK,DAY_WEEKNAME,YEAR,HOUR,HOURNAME,MINUTE,MINUTENAME,TWAY_ID,TWAY_ID2,ROUTE,ROUTENAME,RUR_URB,RUR_URBNAME,FUNC_SYS,FUNC_SYSNAME,RD_OWNER,RD_OWNERNAME,NHS,NHSNAME,SP_JUR,SP_JURNAME,MILEPT,MILEPTNAME,LATITUDE,LATITUDENAME,LONGITUD,LONGITUDNAME,HARM_EV,HARM_EVNAME,MAN_COLL,MAN_COLLNAME,RELJCT1,RELJCT1NAME,RELJCT2,RELJCT2NAME,TYP_INT,TYP_INTNAME,REL_ROAD,REL_ROADNAME,WRK_ZONE,WRK_ZONENAME,LGT_COND,LGT_CONDNAME,WEATHER,WEATHERNAME,SCH_BUS,SCH_BUSNAME,RAIL,RAILNAME,NOT_HOUR,NOT_HOURNAME,NOT_MIN,NOT_MINNAME,ARR_HOUR,ARR_HOURNAME,ARR_MIN,ARR_MINNAME,HOSP_HR,HOSP_HRNAME,HOSP_MN,HOSP_MNNAME,COUNTYNAME,FATALS,young,old,drink,truck,old_car
53,Washington,530398,1,1,1,1,0,1,1,73,110,BELLINGHAM,9,September,22,22,4,Wednesday,2021,6,6:00am-6:59am,11,11,MERIDIAN ST,,6,Local Street - Municipality,2,Urban,3,Principal Arterial - Other,4,City or Municipal Highway Agency,0,This section IS NOT on the NHS,0,No Special Jurisdiction,0,None,48.77961389,48.77961389,-122.4861306,-122.4861306,9,Pedalcyclist,0,The First Harmful Event was Not a Collision with a Motor Vehicle in Transport,0,No,1,Non-Junction,1,Not an Intersection,1,On Roadway,0,None,3,Dark - Lighted,10,Cloudy,0,No,0000000,Not Applicable,99,Unknown,99,Unknown,99,Unknown EMS Scene Arrival Hour,99,Unknown EMS Scene Arrival Minutes,88,Not Applicable (Not Transported),88,Not Applicable (Not Transported),WHATCOM (73),1,0,0,0,0,0
53,Washington,530399,1,1,1,1,0,1,1,73,110,BELLINGHAM,9,September,28,28,3,Tuesday,2021,19,7:00pm-7:59pm,53,53,SR-542,,3,State Highway,2,Urban,4,Minor Arterial,1,State Highway Agency,0,This section IS NOT on the NHS,0,No Special Jurisdiction,24,24,48.79024444,48.79024444,-122.4210278,-122.4210278,9,Pedalcyclist,0,The First Harmful Event was Not a Collision with a Motor Vehicle in Transport,0,No,1,Non-Junction,1,Not an Intersection,1,On Roadway,0,None,2,Dark - Not Lighted,1,Clear,0,No,0000000,Not Applicable,99,Unknown,99,Unknown,99,Unknown EMS Scene Arrival Hour,99,Unknown EMS Scene Arrival Minutes,88,Not Applicable (Not Transported),88,Not Applicable (Not Transported),WHATCOM (73),1,0,0,0,0,1
53,Washington,530400,1,1,2,1,1,1,1,15,0,NOT APPLICABLE,9,September,22,22,4,Wednesday,2021,10,10:00am-10:59am,35,35,I-5,,1,Interstate,1,Rural,1,Interstate,1,State Highway Agency,1,This section IS ON the NHS,0,No Special Jurisdiction,290,290,45.99579722,45.99579722,-122.8400639,-122.8400639,8,Pedestrian,0,The First Harmful Event was Not a Collision with a Motor Vehicle in Transport,0,No,1,Non-Junction,1,Not an Intersection,2,On Shoulder,0,None,1,Daylight,2,Rain,0,No,0000000,Not Applicable,99,Unknown,99,Unknown,99,Unknown EMS Scene Arrival Hour,99,Unknown EMS Scene Arrival Minutes,88,Not Applicable (Not Transported),88,Not Applicable (Not Transported),COWLITZ (15),1,0,0,0,0,0
53,Washington,530401,0,0,1,1,0,1,1,11,0,NOT APPLICABLE,10,October,7,7,5,Thursday,2021,21,9:00pm-9:59pm,20,20,I-205 RAMP,NE 134TH ST,1,Interstate,2,Urban,1,Interstate,1,State Highway Agency,1,This section IS ON the NHS,0,No Special Jurisdiction,6,6,45.717925,45.717925,-122.6474083,-122.6474083,46,Traffic Signal Support,0,The First Harmful Event was Not a Collision with a Motor Vehicle in Transport,1,Yes,3,Intersection-Related,2,Four-Way Intersection,4,On Roadside,0,None,3,Dark - Lighted,1,Clear,0,No,0000000,Not Applicable,99,Unknown,99,Unknown,99,Unknown EMS Scene Arrival Hour,99,Unknown EMS Scene Arrival Minutes,88,Not Applicable (Not Transported),88,Not Applicable (Not Transported),CLARK (11),1,1,0,0,0,0
53,Washington,530402,1,1,1,1,0,1,1,33,2310,TUKWILA,10,October,3,3,1,Sunday,2021,20,8:00pm-8:59pm,50,50,I-5,,1,Interstate,2,Urban,1,Interstate,1,State Highway Agency,1,This section IS ON the NHS,0,No Special Jurisdiction,1581,1581,47.50863889,47.50863889,-122.2823944,-122.2823944,8,Pedestrian,0,The First Harmful Event was Not a Collision with a Motor Vehicle in Transport,0,No,1,Non-Junction,1,Not an Intersection,1,On Roadway,0,None,3,Dark - Lighted,1,Clear,0,No,0000000,Not Applicable,99,Unknown,99,Unknown,99,Unknown EMS Scene Arrival Hour,99,Unknown EMS Scene Arrival Minutes,88,Not Applicable (Not Transported),88,Not Applicable (Not Transported),KING (33),1,1,0,0,0,0
53,Washington,530403,1,1,1,1,0,1,1,53,586,EDGEWOOD,10,October,9,9,7,Saturday,2021,1,1:00am-1:59am,58,58,SR-161,,3,State Highway,2,Urban,3,Principal Arterial - Other,1,State Highway Agency,0,This section IS NOT on the NHS,0,No Special Jurisdiction,337,337,47.25508056,47.25508056,-122.2938611,-122.2938611,8,Pedestrian,0,The First Harmful Event was Not a Collision with a Motor Vehicle in Transport,0,No,1,Non-Junction,1,Not an Intersection,1,On Roadway,0,None,2,Dark - Not Lighted,1,Clear,0,No,0000000,Not Applicable,99,Unknown,99,Unknown,99,Unknown EMS Scene Arrival Hour,99,Unknown EMS Scene Arrival Minutes,88,Not Applicable (Not Transported),88,Not Applicable (Not Transported),PIERCE (53),1,0,0,0,0,1
53,Washington,530404,0,0,1,1,0,1,1,63,2110,SPOKANE,10,October,3,3,1,Sunday,2021,22,10:00pm-10:59pm,52,52,S GOVERNMENT WAY,,6,Local Street - Municipality,2,Urban,4,Minor Arterial,4,City or Municipal Highway Agency,0,This section IS NOT on the NHS,0,No Special Jurisdiction,0,None,47.65216111,47.65216111,-117.4574583,-117.4574583,39,Wall,0,The First Harmful Event was Not a Collision with a Motor Vehicle in Transport,0,No,1,Non-Junction,1,Not an Intersection,4,On Roadside,0,None,2,Dark - Not Lighted,1,Clear,0,No,0000000,Not Applicable,99,Unknown,99,Unknown,99,Unknown EMS Scene Arrival Hour,99,Unknown EMS Scene Arrival Minutes,88,Not Applicable (Not Transported),88,Not Applicable (Not Transported),SPOKANE (63),1,0,0,0,0,1
53,Washington,530405,0,0,1,1,0,1,1,77,0,NOT APPLICABLE,10,October,4,4,2,Monday,2021,23,11:00pm-11:59pm,6,6,CR-N TRACK RD,,4,County Road,1,Rural,6,Minor Collector,2,County Highway Agency,0,This section IS NOT on the NHS,3,Indian Reservation,84,84,46.41195278,46.41195278,-120.3619611,-120.3619611,34,Ditch,0,The First Harmful Event was Not a Collision with a Motor Vehicle in Transport,0,No,1,Non-Junction,1,Not an Intersection,4,On Roadside,0,None,2,Dark - Not Lighted,1,Clear,0,No,0000000,Not Applicable,99,Unknown,99,Unknown,99,Unknown EMS Scene Arrival Hour,99,Unknown EMS Scene Arrival Minutes,88,Not Applicable (Not Transported),88,Not Applicable (Not Transported),YAKIMA (77),1,0,0,0,0,1
53,Washington,530406,0,0,2,2,0,2,2,57,0,NOT APPLICABLE,10,October,8,8,6,Friday,2021,10,10:00am-10:59am,44,44,CR-MINKLER RD,HOEN RD,4,County Road,1,Rural,5,Major Collector,2,County Highway Agency,0,This section IS NOT on the NHS,0,No Special Jurisdiction,99999,Unknown,48.52522778,48.52522778,-122.1398389,-122.1398389,12,Motor Vehicle In-Transport,6,Angle,0,No,2,Intersection,2,Four-Way Intersection,1,On Roadway,0,None,1,Daylight,1,Clear,0,No,0000000,Not Applicable,99,Unknown,99,Unknown,99,Unknown EMS Scene Arrival Hour,99,Unknown EMS Scene Arrival Minutes,99,Unknown,99,Unknown EMS Hospital Arrival Time,SKAGIT (57),1,1,0,1,0,1
53,Washington,530407,0,0,2,2,0,3,3,63,0,NOT APPLICABLE,10,October,11,11,2,Monday,2021,21,9:00pm-9:59pm,6,6,CR-N MARKET ST,,4,County Road,2,Urban,3,Principal Arterial - Other,2,County Highway Agency,0,This section IS NOT on the NHS,0,No Special Jurisdiction,12,12,47.73251667,47.73251667,-117.3648,-117.3648,12,Motor Vehicle In-Transport,8,Sideswipe - Opposite Direction,0,No,8,Driveway Access Related,1,Not an Intersection,1,On Roadway,0,None,3,Dark - Lighted,1,Clear,0,No,0000000,Not Applicable,99,Unknown,99,Unknown,99,Unknown EMS Scene Arrival Hour,99,Unknown EMS Scene Arrival Minutes,88,Not Applicable (Not Transported),88,Not Applicable (Not Transported),SPOKANE (63),1,0,0,0,0,0
53,Washington,530409,1,1,1,1,0,1,1,11,2370,VANCOUVER,9,September,30,30,5,Thursday,2021,20,8:00pm-8:59pm,50,50,I-205,,1,Interstate,2,Urban,1,Interstate,1,State Highway Agency,1,This section IS ON the NHS,0,No Special Jurisdiction,42,42,45.65491389,45.65491389,-122.5694056,-122.5694056,8,Pedestrian,0,The First Harmful Event was Not a Collision with a Motor Vehicle in Transport,0,No,1,Non-Junction,1,Not an Intersection,1,On Roadway,0,None,2,Dark - Not Lighted,1,Clear,0,No,0000000,Not Applicable,99,Unknown,99,Unknown,99,Unknown EMS Scene Arrival Hour,99,Unknown EMS Scene Arrival Minutes,88,Not Applicable (Not Transported),88,Not Applicable (Not Transported),CLARK (11),1,1,0,0,0,1
53,Washington,530410,0,0,2,2,0,2,2,5,0,NOT APPLICABLE,9,September,18,18,7,Saturday,2021,6,6:00am-6:59am,56,56,CR-HANKS RD,,4,County Road,1,Rural,5,Major Collector,2,County Highway Agency,0,This section IS NOT on the NHS,0,No Special Jurisdiction,99999,Unknown,46.27299444,46.27299444,-119.8630611,-119.8630611,12,Motor Vehicle In-Transport,2,Front-to-Front,0,No,1,Non-Junction,1,Not an Intersection,1,On Roadway,0,None,4,Dawn,1,Clear,0,No,0000000,Not Applicable,99,Unknown,99,Unknown,99,Unknown EMS Scene Arrival Hour,99,Unknown EMS Scene Arrival Minutes,99,Unknown,99,Unknown EMS Hospital Arrival Time,BENTON (5),1,0,0,0,0,1
53,Washington,530411,0,0,2,2,0,2,2,33,2310,TUKWILA,10,October,7,7,5,Thursday,2021,12,12:00pm-12:59pm,43,43,SR-900,,3,State Highway,2,Urban,3,Principal Arterial - Other,1,State Highway Agency,0,This section IS NOT on the NHS,0,No Special Jurisdiction,8,8,47.49837778,47.49837778,-122.2719944,-122.2719944,12,Motor Vehicle In-Transport,6,Angle,0,No,1,Non-Junction,1,Not an Intersection,1,On Roadway,0,None,1,Daylight,1,Clear,0,No,0000000,Not Applicable,99,Unknown,99,Unknown,99,Unknown EMS Scene Arrival Hour,99,Unknown EMS Scene Arrival Minutes,99,Unknown,99,Unknown EMS Hospital Arrival Time,KING (33),1,0,0,0,0,0
53,Washington,530412,0,0,4,4,0,6,6,67,1590,OLYMPIA,10,October,6,6,4,Wednesday,2021,10,10:00am-10:59am,5,5,COOPER POINT RD SW,Capitol Mall Dr SW,6,Local Street - Municipality,2,Urban,4,Minor Arterial,4,City or Municipal Highway Agency,0,This section IS NOT on the NHS,0,No Special Jurisdiction,0,None,47.03991944,47.03991944,-122.9391778,-122.9391778,12,Motor Vehicle In-Transport,6,Angle,0,No,2,Intersection,2,Four-Way Intersection,1,On Roadway,0,None,1,Daylight,1,Clear,0,No,0000000,Not Applicable,99,Unknown,99,Unknown,99,Unknown EMS Scene Arrival Hour,99,Unknown EMS Scene Arrival Minutes,88,Not Applicable (Not Transported),88,Not Applicable (Not Transported),THURSTON (67),2,0,0,0,0,0
53,Washington,530413,0,0,2,2,0,3,3,63,0,NOT APPLICABLE,10,October,9,9,7,Saturday,2021,11,11:00am-11:59am,30,30,I-90,,1,Interstate,2,Urban,1,Interstate,1,State Highway Agency,1,This section IS ON the NHS,0,No Special Jurisdiction,2952,2952,47.68168333,47.68168333,-117.0856944,-117.0856944,12,Motor Vehicle In-Transport,1,Front-to-Rear,0,No,1,Non-Junction,1,Not an Intersection,1,On Roadway,0,None,1,Daylight,1,Clear,0,No,0000000,Not Applicable,99,Unknown,99,Unknown,99,Unknown EMS Scene Arrival Hour,99,Unknown EMS Scene Arrival Minutes,99,Unknown,99,Unknown EMS Hospital Arrival Time,SPOKANE (63),1,1,0,0,0,1
53,Washington,530414,0,0,2,2,0,2,2,53,2230,TACOMA,8,August,14,14,7,Saturday,2021,8,8:00am-8:59am,8,8,SR-509,ALEXANDER AVE,3,State Highway,2,Urban,2,Principal Arterial - Other Freeways and Expressways,1,State Highway Agency,0,This section IS NOT on the NHS,3,Indian Reservation,29,29,47.24734444,47.24734444,-122.373025,-122.373025,12,Motor Vehicle In-Transport,6,Angle,0,No,2,Intersection,2,Four-Way Intersection,1,On Roadway,0,None,1,Daylight,1,Clear,0,No,0000000,Not Applicable,99,Unknown,99,Unknown,99,Unknown EMS Scene Arrival Hour,99,Unknown EMS Scene Arrival Minutes,88,Not Applicable (Not Transported),88,Not Applicable (Not Transported),PIERCE (53),1,0,0,0,1,0
53,Washington,530415,1,1,1,1,0,1,1,33,735,FEDERAL WAY,10,October,15,15,6,Friday,2021,20,8:00pm-8:59pm,47,47,SR-99,,3,State Highway,2,Urban,3,Principal Arterial - Other,1,State Highway Agency,0,This section IS NOT on the NHS,0,No Special Jurisdiction,26,26,47.26542222,47.26542222,-122.3351528,-122.3351528,8,Pedestrian,0,The First Harmful Event was Not a Collision with a Motor Vehicle in Transport,0,No,1,Non-Junction,1,Not an Intersection,1,On Roadway,0,None,2,Dark - Not Lighted,1,Clear,0,No,0000000,Not Applicable,99,Unknown,99,Unknown,99,Unknown EMS Scene Arrival Hour,99,Unknown EMS Scene Arrival Minutes,88,Not Applicable (Not Transported),88,Not Applicable (Not Transported),KING (33),1,1,0,0,0,1
53,Washington,530416,0,0,2,2,0,2,2,61,1338,MILL CREEK,10,October,15,15,6,Friday,2021,16,4:00pm-4:59pm,45,45,35TH AVE SE,,6,Local Street - Municipality,2,Urban,4,Minor Arterial,4,City or Municipal Highway Agency,0,This section IS NOT on the NHS,0,No Special Jurisdiction,0,None,47.87392778,47.87392778,-122.1854028,-122.1854028,12,Motor Vehicle In-Transport,8,Sideswipe - Opposite Direction,0,No,1,Non-Junction,1,Not an Intersection,2,On Shoulder,0,None,1,Daylight,2,Rain,0,No,0000000,Not Applicable,99,Unknown,99,Unknown,99,Unknown EMS Scene Arrival Hour,99,Unknown EMS Scene Arrival Minutes,88,Not Applicable (Not Transported),88,Not Applicable (Not Transported),SNOHOMISH (61),1,0,0,0,1,0
53,Washington,530417,1,1,1,1,0,1,1,63,2110,SPOKANE,3,March,30,30,3,Tuesday,2021,8,8:00am-8:59am,25,25,S REGAL ST,E 53rd Ave,6,Local Street - Municipality,2,Urban,5,Major Collector,4,City or Municipal Highway Agency,0,This section IS NOT on the NHS,0,No Special Jurisdiction,0,None,47.60586944,47.60586944,-117.3683778,-117.3683778,8,Pedestrian,0,The First Harmful Event was Not a Collision with a Motor Vehicle in Transport,0,No,3,Intersection-Related,2,Four-Way Intersection,1,On Roadway,0,None,1,Daylight,1,Clear,0,No,0000000,Not Applicable,99,Unknown,99,Unknown,99,Unknown EMS Scene Arrival Hour,99,Unknown EMS Scene Arrival Minutes,99,Unknown,99,Unknown EMS Hospital Arrival Time,SPOKANE (63),1,0,0,0,0,1
53,Washington,530418,0,0,1,1,0,2,2,73,110,BELLINGHAM,9,September,28,28,3,Tuesday,2021,20,8:00pm-8:59pm,46,46,YEW ST,WOBURN ST,6,Local Street - Municipality,2,Urban,4,Minor Arterial,4,City or Municipal Highway Agency,0,This section IS NOT on the NHS,0,No Special Jurisdiction,0,None,48.75661944,48.75661944,-122.4450306,-122.4450306,33,Curb,0,The First Harmful Event was Not a Collision with a Motor Vehicle in Transport,0,No,3,Intersection-Related,2,Four-Way Intersection,4,On Roadside,0,None,3,Dark - Lighted,1,Clear,0,No,0000000,Not Applicable,99,Unknown,99,Unknown,99,Unknown EMS Scene Arrival Hour,99,Unknown EMS Scene Arrival Minutes,99,Unknown,99,Unknown EMS Hospital Arrival Time,WHATCOM (73),1,0,0,0,0,0
53,Washington,530419,0,0,2,2,0,2,2,77,0,NOT APPLICABLE,10,October,6,6,4,Wednesday,2021,15,3:00pm-3:59pm,8,8,CR-BETHANY RD,,4,County Road,1,Rural,6,Minor Collector,2,County Highway Agency,0,This section IS NOT on the NHS,0,No Special Jurisdiction,57,57,46.35047222,46.35047222,-119.92665,-119.92665,12,Motor Vehicle In-Transport,1,Front-to-Rear,0,No,1,Non-Junction,1,Not an Intersection,1,On Roadway,0,None,1,Daylight,1,Clear,0,No,0000000,Not Applicable,99,Unknown,99,Unknown,99,Unknown EMS Scene Arrival Hour,99,Unknown EMS Scene Arrival Minutes,99,Unknown,99,Unknown EMS Hospital Arrival Time,YAKIMA (77),1,0,0,1,0,0
53,Washington,530420,0,0,1,1,0,1,1,41,0,NOT APPLICABLE,10,October,9,9,7,Saturday,2021,16,4:00pm-4:59pm,21,21,CR-SUMMERS RD,,4,County Road,1,Rural,7,Local,2,County Highway Agency,0,This section IS NOT on the NHS,0,No Special Jurisdiction,1,1,46.74802778,46.74802778,-123.0485389,-123.0485389,24,Guardrail Face,0,The First Harmful Event was Not a Collision with a Motor Vehicle in Transport,0,No,1,Non-Junction,1,Not an Intersection,4,On Roadside,0,None,1,Daylight,1,Clear,0,No,0000000,Not Applicable,99,Unknown,99,Unknown,99,Unknown EMS Scene Arrival Hour,99,Unknown EMS Scene Arrival Minutes,88,Not Applicable (Not Transported),88,Not Applicable (Not Transported),LEWIS (41),1,1,0,0,0,1
53,Washington,530421,1,1,1,1,0,1,1,33,0,NOT APPLICABLE,10,October,10,10,1,Sunday,2021,6,6:00am-6:59am,36,36,I-90,,1,Interstate,1,Rural,1,Interstate,1,State Highway Agency,1,This section IS ON the NHS,0,No Special Jurisdiction,412,412,47.41039722,47.41039722,-121.5784694,-121.5784694,8,Pedestrian,0,The First Harmful Event was Not a Collision with a Motor Vehicle in Transport,0,No,1,Non-Junction,1,Not an Intersection,1,On Roadway,0,None,3,Dark - Lighted,2,Rain,0,No,0000000,Not Applicable,99,Unknown,99,Unknown,99,Unknown EMS Scene Arrival Hour,99,Unknown EMS Scene Arrival Minutes,88,Not Applicable (Not Transported),88,Not Applicable (Not Transported),KING (33),1,0,0,0,0,0
53,Washington,530422,0,0,2,2,0,2,2,33,1960,SEATTLE,10,October,11,11,2,Monday,2021,1,1:00am-1:59am,39,39,I-5,,1,Interstate,2,Urban,1,Interstate,1,State Highway Agency,1,This section IS ON the NHS,0,No Special Jurisdiction,1673,1673,47.631925,47.631925,-122.3249889,-122.3249889,25,Concrete Traffic Barrier,0,The First Harmful Event was Not a Collision with a Motor Vehicle in Transport,0,No,1,Non-Junction,1,Not an Intersection,3,On Median,0,None,3,Dark - Lighted,2,Rain,0,No,0000000,Not Applicable,99,Unknown,99,Unknown,99,Unknown EMS Scene Arrival Hour,99,Unknown EMS Scene Arrival Minutes,88,Not Applicable (Not Transported),88,Not Applicable (Not Transported),KING (33),1,1,0,0,0,0
53,Washington,530423,0,0,1,1,0,1,1,49,0,NOT APPLICABLE,9,September,19,19,1,Sunday,2021,20,8:00pm-8:59pm,11,11,CR-OLDANI RD,,4,County Road,1,Rural,6,Minor Collector,2,County Highway Agency,0,This section IS NOT on the NHS,0,No Special Jurisdiction,99999,Unknown,46.66850556,46.66850556,-123.6880806,-123.6880806,42,Tree (Standing Only),0,The First Harmful Event was Not a Collision with a Motor Vehicle in Transport,0,No,1,Non-Junction,1,Not an Intersection,4,On Roadside,0,None,5,Dusk,10,Cloudy,0,No,0000000,Not Applicable,99,Unknown,99,Unknown,99,Unknown EMS Scene Arrival Hour,99,Unknown EMS Scene Arrival Minutes,88,Not Applicable (Not Transported),88,Not Applicable (Not Transported),PACIFIC (49),1,0,0,0,0,0
53,Washington,530424,0,0,1,1,0,1,1,77,0,NOT APPLICABLE,10,October,15,15,6,Friday,2021,7,7:00am-7:59am,6,6,SR-241,,3,State Highway,1,Rural,5,Major Collector,1,State Highway Agency,0,This section IS NOT on the NHS,0,No Special Jurisdiction,185,185,46.45759167,46.45759167,-119.9383,-119.9383,1,Rollover/Overturn,0,The First Harmful Event was Not a Collision with a Motor Vehicle in Transport,0,No,1,Non-Junction,1,Not an Intersection,4,On Roadside,0,None,2,Dark - Not Lighted,1,Clear,0,No,0000000,Not Applicable,99,Unknown,99,Unknown,99,Unknown EMS Scene Arrival Hour,99,Unknown EMS Scene Arrival Minutes,88,Not Applicable (Not Transported),88,Not Applicable (Not Transported),YAKIMA (77),1,0,0,0,0,1
53,Washington,530425,0,0,3,3,0,4,4,77,0,NOT APPLICABLE,10,October,15,15,6,Friday,2021,5,5:00am-5:59am,50,50,US-12,MCCORMICK RD,2,U.S. Highway,2,Urban,2,Principal Arterial - Other Freeways and Expressways,1,State Highway Agency,1,This section IS ON the NHS,0,No Special Jurisdiction,1964,1964,46.65460833,46.65460833,-120.6138833,-120.6138833,12,Motor Vehicle In-Transport,6,Angle,0,No,2,Intersection,2,Four-Way Intersection,1,On Roadway,0,None,2,Dark - Not Lighted,1,Clear,0,No,0000000,Not Applicable,99,Unknown,99,Unknown,99,Unknown EMS Scene Arrival Hour,99,Unknown EMS Scene Arrival Minutes,99,Unknown,99,Unknown EMS Hospital Arrival Time,YAKIMA (77),1,1,0,0,0,1
53,Washington,530426,0,0,1,1,0,1,1,63,0,NOT APPLICABLE,10,October,19,19,3,Tuesday,2021,16,4:00pm-4:59pm,59,59,CR-E UPRIVER DR,N MARGUERITE RD,4,County Road,2,Urban,4,Minor Arterial,2,County Highway Agency,0,This section IS NOT on the NHS,0,No Special Jurisdiction,99999,Unknown,47.69685,47.69685,-117.2854917,-117.2854917,30,Utility Pole/Light Support,0,The First Harmful Event was Not a Collision with a Motor Vehicle in Transport,0,No,3,Intersection-Related,2,Four-Way Intersection,4,On Roadside,0,None,1,Daylight,1,Clear,0,No,0000000,Not Applicable,99,Unknown,99,Unknown,99,Unknown EMS Scene Arrival Hour,99,Unknown EMS Scene Arrival Minutes,88,Not Applicable (Not Transported),88,Not Applicable (Not Transported),SPOKANE (63),1,0,0,0,0,0
53,Washington,530427,1,1,1,1,0,1,1,33,735,FEDERAL WAY,9,September,22,22,4,Wednesday,2021,19,7:00pm-7:59pm,30,30,S 288TH ST,25th Pl S,6,Local Street - Municipality,2,Urban,4,Minor Arterial,4,City or Municipal Highway Agency,0,This section IS NOT on the NHS,0,No Special Jurisdiction,0,None,47.34339167,47.34339167,-122.2998417,-122.2998417,8,Pedestrian,0,The First Harmful Event was Not a Collision with a Motor Vehicle in Transport,0,No,3,Intersection-Related,3,T-Intersection,1,On Roadway,0,None,3,Dark - Lighted,10,Cloudy,0,No,0000000,Not Applicable,99,Unknown,99,Unknown,99,Unknown EMS Scene Arrival Hour,99,Unknown EMS Scene Arrival Minutes,88,Not Applicable (Not Transported),88,Not Applicable (Not Transported),KING (33),1,1,0,0,0,1
53,Washington,530428,0,0,3,3,0,4,4,67,0,NOT APPLICABLE,10,October,18,18,2,Monday,2021,18,6:00pm-6:59pm,43,43,US-12,HUNTINGTON ST,2,U.S. Highway,2,Urban,3,Principal Arterial - Other,1,State Highway Agency,0,This section IS NOT on the NHS,0,No Special Jurisdiction,437,437,46.81133333,46.81133333,-123.0579389,-123.0579389,12,Motor Vehicle In-Transport,1,Front-to-Rear,0,No,3,Intersection-Related,3,T-Intersection,1,On Roadway,0,None,1,Daylight,1,Clear,0,No,0000000,Not Applicable,99,Unknown,99,Unknown,99,Unknown EMS Scene Arrival Hour,99,Unknown EMS Scene Arrival Minutes,99,Unknown,99,Unknown EMS Hospital Arrival Time,THURSTON (67),1,0,0,0,0,0
53,Washington,530429,0,0,2,2,0,4,4,27,0,NOT APPLICABLE,10,October,20,20,4,Wednesday,2021,7,7:00am-7:59am,20,20,US-101,,2,U.S. Highway,1,Rural,3,Principal Arterial - Other,1,State Highway Agency,1,This section IS ON the NHS,0,No Special Jurisdiction,1111,1111,47.25309444,47.25309444,-123.9261778,-123.9261778,12,Motor Vehicle In-Transport,8,Sideswipe - Opposite Direction,0,No,1,Non-Junction,1,Not an Intersection,1,On Roadway,0,None,4,Dawn,2,Rain,0,No,0000000,Not Applicable,99,Unknown,99,Unknown,99,Unknown EMS Scene Arrival Hour,99,Unknown EMS Scene Arrival Minutes,88,Not Applicable (Not Transported),88,Not Applicable (Not Transported),GRAYS HARBOR (27),3,0,0,0,0,1
53,Washington,530430,1,1,1,1,0,1,1,53,2230,TACOMA,10,October,25,25,2,Monday,2021,21,9:00pm-9:59pm,48,48,SR-7,,3,State Highway,2,Urban,3,Principal Arterial - Other,1,State Highway Agency,0,This section IS NOT on the NHS,0,No Special Jurisdiction,537,537,47.17579167,47.17579167,-122.4340667,-122.4340667,8,Pedestrian,0,The First Harmful Event was Not a Collision with a Motor Vehicle in Transport,0,No,1,Non-Junction,1,Not an Intersection,1,On Roadway,0,None,3,Dark - Lighted,2,Rain,0,No,0000000,Not Applicable,99,Unknown,99,Unknown,99,Unknown EMS Scene Arrival Hour,99,Unknown EMS Scene Arrival Minutes,88,Not Applicable (Not Transported),88,Not Applicable (Not Transported),PIERCE (53),1,0,1,0,0,1
53,Washington,530431,1,1,1,1,0,1,1,35,0,NOT APPLICABLE,10,October,24,24,1,Sunday,2021,15,3:00pm-3:59pm,59,59,CR-ELWHA TER NE,GRANDVIEW BLVD,4,County Road,1,Rural,7,Local,2,County Highway Agency,0,This section IS NOT on the NHS,0,No Special Jurisdiction,99999,Unknown,47.70431111,47.70431111,-122.6272889,-122.6272889,8,Pedestrian,0,The First Harmful Event was Not a Collision with a Motor Vehicle in Transport,0,No,3,Intersection-Related,2,Four-Way Intersection,1,On Roadway,0,None,1,Daylight,10,Cloudy,0,No,0000000,Not Applicable,99,Unknown,99,Unknown,99,Unknown EMS Scene Arrival Hour,99,Unknown EMS Scene Arrival Minutes,99,Unknown,99,Unknown EMS Hospital Arrival Time,KITSAP (35),1,1,0,0,0,0