STATE,STATENAME,ST_CASE,PEDS,PERNOTMVIT,VE_TOTAL,VE_FORMS,PVH_INVL,PERSONS,PERMVIT,COUNTY,CITY,CITYNAME,MONTH,MONTHNAME,DAY,DAYNAME,DAY_WEEK,DAY_WEEKNAME,YEAR,HOUR,HOURNAME,MINUTE,MINUTENAME,TWAY_ID,TWAY_ID2,ROUTE,ROUTENAME,RUR_URB,RUR_URBNAME,FUNC_SYS,FUNC_SYSNAME,RD_OWNER,RD_OWNERNAME,NHS,NHSNAME,SP_JUR,SP_JURNAME,MILEPT,MILEPTNAME,LATITUDE,LATITUDENAME,LONGITUD,LONGITUDNAME,HARM_EV,HARM_EVNAME,MAN_COLL,MAN_COLLNAME,RELJCT1,RELJCT1NAME,RELJCT2,RELJCT2NAME,TYP_INT,TYP_INTNAME,REL_ROAD,REL_ROADNAME,WRK_ZONE,WRK_ZONENAME,LGT_COND,LGT_CONDNAME,WEATHER,WEATHERNAME,SCH_BUS,SCH_BUSNAME,RAIL,RAILNAME,NOT_HOUR,NOT_HOURNAME,NOT_MIN,NOT_MINNAME,ARR_HOUR,ARR_HOURNAME,ARR_MIN,ARR_MINNAME,HOSP_HR,HOSP_HRNAME,HOSP_MN,HOSP_MNNAME,COUNTYNAME,FATALS,young,old,drink,truck,old_car
53,Washington,530432,0,0,2,2,0,2,2,53,0,NOT APPLICABLE,10,October,25,25,2,Monday,2021,16,4:00pm-4:59pm,40,40,CR-240TH ST E,,4,County Road,2,Urban,5,Major Collector,2,County Highway Agency,0,This section IS NOT on the NHS,0,No Special Jurisdiction,3,3,47.03846111,47.03846111,-122.367325,-122.367325,12,Motor Vehicle In-Transport,2,Front-to-Front,0,No,1,Non-Junction,1,Not an Intersection,1,On Roadway,0,None,1,Daylight,2,Rain,0,No,0000000,Not Applicable,99,Unknown,99,Unknown,99,Unknown EMS Scene Arrival Hour,99,Unknown EMS Scene Arrival Minutes,99,Unknown,99,Unknown EMS Hospital Arrival Time,PIERCE (53),1,0,0,0,0,0
53,Washington,530433,0,0,2,1,1,1,1,25,0,NOT APPLICABLE,10,October,22,22,6,Friday,2021,21,9:00pm-9:59pm,25,25,CR-1ST AVE,MORRISON ST SW,4,County Road,1,Rural,7,Local,2,County Highway Agency,0,This section IS NOT on the NHS,0,No Special Jurisdiction,99999,Unknown,46.82089722,46.82089722,-119.9243389,-119.9243389,14,Parked Motor Vehicle,0,The First Harmful Event was Not a Collision with a Motor Vehicle in Transport,0,No,3,Intersection-Related,3,T-Intersection,5,Outside Trafficway,0,None,2,Dark - Not Lighted,1,Clear,0,No,0000000,Not Applicable,99,Unknown,99,Unknown,99,Unknown EMS Scene Arrival Hour,99,Unknown EMS Scene Arrival Minutes,99,Unknown,99,Unknown EMS Hospital Arrival Time,GRANT (25),1,0,1,0,0,0
53,Washington,530434,0,0,3,3,0,3,3,15,1190,LONGVIEW,10,October,26,26,3,Tuesday,2021,14,2:00pm-2:59pm,56,56,32ND AVE,,6,Local Street - Municipality,2,Urban,5,Major Collector,4,City or Municipal Highway Agency,0,This section IS NOT on the NHS,0,No Special Jurisdiction,0,None,46.14681667,46.14681667,-122.9665139,-122.9665139,12,Motor Vehicle In-Transport,2,Front-to-Front,0,No,1,Non-Junction,1,Not an Intersection,1,On Roadway,0,None,1,Daylight,1,Clear,0,No,0000000,Not Applicable,99,Unknown,99,Unknown,99,Unknown EMS Scene Arrival Hour,99,Unknown EMS Scene Arrival Minutes,88,Not Applicable (Not Transported),88,Not Applicable (Not Transported),COWLITZ (15),1,0,0,0,0,0
53,Washington,530435,0,0,1,1,0,1,1,33,0,NOT APPLICABLE,9,September,16,16,5,Thursday,2021,18,6:00pm-6:59pm,46,46,CR-MILITARY RD S,,4,County Road,2,Urban,4,Minor Arterial,2,County Highway Agency,0,This section IS NOT on the NHS,0,No Special Jurisdiction,32,32,47.29897222,47.29897222,-122.2741389,-122.2741389,30,Utility Pole/Light Support,0,The First Harmful Event was Not a Collision with a Motor Vehicle in Transport,0,No,1,Non-Junction,1,Not an Intersection,4,On Roadside,0,None,3,Dark - Lighted,10,Cloudy,0,No,0000000,Not Applicable,99,Unknown,99,Unknown,99,Unknown EMS Scene Arrival Hour,99,Unknown EMS Scene Arrival Minutes,88,Not Applicable (Not Transported),88,Not Applicable (Not Transported),KING (33),1,0,0,0,0,0
53,Washington,530436,1,1,1,1,0,1,1,53,1770,PUYALLUP,10,October,28,28,5,Thursday,2021,23,11:00pm-11:59pm,36,36,39TH AVE SW,,6,Local Street - Municipality,2,Urban,3,Principal Arterial - Other,4,City or Municipal Highway Agency,0,This section IS NOT on the NHS,0,No Special Jurisdiction,0,None,47.15485833,47.15485833,-122.2953639,-122.2953639,8,Pedestrian,0,The First Harmful Event was Not a Collision with a Motor Vehicle in Transport,0,No,1,Non-Junction,1,Not an Intersection,1,On Roadway,0,None,3,Dark - Lighted,2,Rain,0,No,0000000,Not Applicable,99,Unknown,99,Unknown,99,Unknown EMS Scene Arrival Hour,99,Unknown EMS Scene Arrival Minutes,88,Not Applicable (Not Transported),88,Not Applicable (Not Transported),PIERCE (53),1,1,0,0,0,0
53,Washington,530437,0,0,2,2,0,2,2,5,0,NOT APPLICABLE,10,October,28,28,5,Thursday,2021,5,5:00am-5:59am,32,32,SR-240,SR-225,3,State Highway,1,Rural,4,Minor Arterial,1,State Highway Agency,0,This section IS NOT on the NHS,0,No Special Jurisdiction,205,205,46.3833,46.3833,-119.4228139,-119.4228139,12,Motor Vehicle In-Transport,6,Angle,0,No,2,Intersection,2,Four-Way Intersection,1,On Roadway,0,None,3,Dark - Lighted,1,Clear,0,No,0000000,Not Applicable,99,Unknown,99,Unknown,99,Unknown EMS Scene Arrival Hour,99,Unknown EMS Scene Arrival Minutes,99,Unknown,99,Unknown EMS Hospital Arrival Time,BENTON (5),1,1,0,0,0,1
53,Washington,530438,0,0,3,3,0,3,3,25,0,NOT APPLICABLE,10,October,18,18,2,Monday,2021,18,6:00pm-6:59pm,17,17,SR-282,AIRPORT RD SE,3,State Highway,2,Urban,2,Principal Arterial - Other Freeways and Expressways,1,State Highway Agency,0,This section IS NOT on the NHS,0,No Special Jurisdiction,27,27,47.28950833,47.28950833,-119.5110694,-119.5110694,12,Motor Vehicle In-Transport,6,Angle,0,No,2,Intersection,2,Four-Way Intersection,1,On Roadway,0,None,5,Dusk,1,Clear,0,No,0000000,Not Applicable,99,Unknown,99,Unknown,99,Unknown EMS Scene Arrival Hour,99,Unknown EMS Scene Arrival Minutes,99,Unknown,99,Unknown EMS Hospital Arrival Time,GRANT (25),1,1,0,0,0,1
53,Washington,530439,0,0,2,2,0,2,2,67,0,NOT APPLICABLE,10,October,22,22,6,Friday,2021,18,6:00pm-6:59pm,55,55,CR-110TH AVE SW,DELPHI RD SW,4,County Road,1,Rural,5,Major Collector,2,County Highway Agency,0,This section IS NOT on the NHS,0,No Special Jurisdiction,90,90,46.92856667,46.92856667,-123.0130611,-123.0130611,12,Motor Vehicle In-Transport,6,Angle,0,No,2,Intersection,3,T-Intersection,1,On Roadway,0,None,2,Dark - Not Lighted,10,Cloudy,0,No,0000000,Not Applicable,99,Unknown,99,Unknown,99,Unknown EMS Scene Arrival Hour,99,Unknown EMS Scene Arrival Minutes,99,Unknown,99,Unknown EMS Hospital Arrival Time,THURSTON (67),1,0,0,0,0,0
53,Washington,530440,0,0,4,4,0,4,4,75,0,NOT APPLICABLE,10,October,28,28,5,Thursday,2021,14,2:00pm-2:59pm,25,25,US-195,,2,U.S. Highway,2,Urban,2,Principal Arterial - Other Freeways and Expressways,1,State Highway Agency,1,This section IS ON the NHS,0,No Special Jurisdiction,28,28,46.50061389,46.50061389,-117.0782083,-117.0782083,12,Motor Vehicle In-Transport,8,Sideswipe - Opposite Direction,0,No,1,Non-Junction,1,Not an Intersection,1,On Roadway,0,None,1,Daylight,10,Cloudy,0,No,0000000,Not Applicable,99,Unknown,99,Unknown,99,Unknown EMS Scene Arrival Hour,99,Unknown EMS Scene Arrival Minutes,88,Not Applicable (Not Transported),88,Not Applicable (Not Transported),WHITMAN (75),1,0,0,0,0,0
53,Washington,530441,0,0,2,2,0,2,2,53,2230,TACOMA,11,November,1,1,2,Monday,2021,22,10:00pm-10:59pm,19,19,E PORTLAND AVE,,6,Local Street - Municipality,2,Urban,3,Principal Arterial - Other,4,City or Municipal Highway Agency,0,This section IS NOT on the NHS,3,Indian Reservation,99999,Unknown,47.216125,47.216125,-122.4076833,-122.4076833,12,Motor Vehicle In-Transport,6,Angle,0,No,8,Driveway Access Related,1,Not an Intersection,1,On Roadway,0,None,3,Dark - Lighted,2,Rain,0,No,0000000,Not Applicable,99,Unknown,99,Unknown,99,Unknown EMS Scene Arrival Hour,99,Unknown EMS Scene Arrival Minutes,99,Unknown,99,Unknown EMS Hospital Arrival Time,PIERCE (53),1,0,0,0,0,0
53,Washington,530442,1,1,1,1,0,1,1,63,2110,SPOKANE,5,May,12,12,4,Wednesday,2021,16,4:00pm-4:59pm,24,24,N STEVENS ST,W Riverside Ave,6,Local Street - Municipality,2,Urban,3,Principal Arterial - Other,4,City or Municipal Highway Agency,0,This section IS NOT on the NHS,0,No Special Jurisdiction,0,None,47.65794722,47.65794722,-117.41945,-117.41945,8,Pedestrian,0,The First Harmful Event was Not a Collision with a Motor Vehicle in Transport,0,No,3,Intersection-Related,2,Four-Way Intersection,1,On Roadway,0,None,1,Daylight,1,Clear,0,No,0000000,Not Applicable,99,Unknown,99,Unknown,99,Unknown EMS Scene Arrival Hour,99,Unknown EMS Scene Arrival Minutes,99,Unknown,99,Unknown EMS Hospital Arrival Time,SPOKANE (63),1,0,0,0,0,0
53,Washington,530443,0,0,2,2,0,2,2,57,0,NOT APPLICABLE,10,October,7,7,5,Thursday,2021,10,10:00am-10:59am,44,44,SR-20,SR-536,3,State Highway,1,Rural,3,Principal Arterial - Other,1,State Highway Agency,0,This section IS NOT on the NHS,0,No Special Jurisdiction,547,547,48.44628611,48.44628611,-122.4312556,-122.4312556,12,Motor Vehicle In-Transport,6,Angle,0,No,2,Intersection,3,T-Intersection,1,On Roadway,0,None,1,Daylight,1,Clear,0,No,0000000,Not Applicable,99,Unknown,99,Unknown,99,Unknown EMS Scene Arrival Hour,99,Unknown EMS Scene Arrival Minutes,99,Unknown,99,Unknown EMS Hospital Arrival Time,SKAGIT (57),1,0,0,0,0,0
53,Washington,530444,0,0,2,2,0,2,2,53,0,NOT APPLICABLE,10,October,11,11,2,Monday,2021,5,5:00am-5:59am,41,41,SR-7,118TH ST S,3,State Highway,2,Urban,3,Principal Arterial - Other,1,State Highway Agency,0,This section IS NOT on the NHS,0,No Special Jurisdiction,519,519,47.14967778,47.14967778,-122.434325,-122.434325,12,Motor Vehicle In-Transport,2,Front-to-Front,0,No,3,Intersection-Related,3,T-Intersection,1,On Roadway,0,None,3,Dark - Lighted,10,Cloudy,0,No,0000000,Not Applicable,99,Unknown,99,Unknown,99,Unknown EMS Scene Arrival Hour,99,Unknown EMS Scene Arrival Minutes,99,Unknown,99,Unknown EMS Hospital Arrival Time,PIERCE (53),1,0,0,0,0,0
53,Washington,530445,0,0,2,2,0,2,2,71,0,NOT APPLICABLE,10,October,30,30,7,Saturday,2021,3,3:00am-3:59am,40,40,SR-730,,3,State Highway,1,Rural,4,Minor Arterial,1,State Highway Agency,0,This section IS NOT on the NHS,0,No Special Jurisdiction,10,10,46.01069167,46.01069167,-118.9622806,-118.9622806,12,Motor Vehicle In-Transport,2,Front-to-Front,0,No,1,Non-Junction,1,Not an Intersection,1,On Roadway,0,None,2,Dark - Not Lighted,1,Clear,0,No,0000000,Not Applicable,99,Unknown,99,Unknown,99,Unknown EMS Scene Arrival Hour,99,Unknown EMS Scene Arrival Minutes,88,Not Applicable (Not Transported),88,Not Applicable (Not Transported),WALLA WALLA (71),1,1,0,0,0,0
53,Washington,530446,0,1,3,2,1,3,2,53,0,NOT APPLICABLE,10,October,27,27,4,Wednesday,2021,6,6:00am-6:59am,39,39,I-5,,1,Interstate,2,Urban,1,Interstate,1,State Highway Agency,1,This section IS ON the NHS,0,No Special Jurisdiction,1211,1211,47.10486667,47.10486667,-122.586425,-122.586425,14,Parked Motor Vehicle,0,The First Harmful Event was Not a Collision with a Motor Vehicle in Transport,0,No,1,Non-Junction,1,Not an Intersection,2,On Shoulder,0,None,3,Dark - Lighted,10,Cloudy,0,No,0000000,Not Applicable,99,Unknown,99,Unknown,99,Unknown EMS Scene Arrival Hour,99,Unknown EMS Scene Arrival Minutes,88,Not Applicable (Not Transported),88,Not Applicable (Not Transported),PIERCE (53),1,0,0,0,0,0
53,Washington,530447,0,0,2,2,0,2,2,77,0,NOT APPLICABLE,10,October,23,23,7,Saturday,2021,18,6:00pm-6:59pm,29,29,SR-22,N MEYERS RD,3,State Highway,1,Rural,5,Major Collector,1,State Highway Agency,0,This section IS NOT on the NHS,3,Indian Reservation,49,49,46.35704722,46.35704722,-120.2938833,-120.2938833,12,Motor Vehicle In-Transport,6,Angle,0,No,2,Intersection,2,Four-Way Intersection,1,On Roadway,0,None,2,Dark - Not Lighted,10,Cloudy,0,No,0000000,Not Applicable,99,Unknown,99,Unknown,99,Unknown EMS Scene Arrival Hour,99,Unknown EMS Scene Arrival Minutes,88,Not Applicable (Not Transported),88,Not Applicable (Not Transported),YAKIMA (77),1,0,0,0,0,0
53,Washington,530449,0,0,1,1,0,3,3,11,0,NOT APPLICABLE,11,November,2,2,3,Tuesday,2021,21,9:00pm-9:59pm,14,14,CR-NE 152ND AVE,NE 319TH ST,4,County Road,1,Rural,5,Major Collector,2,County Highway Agency,0,This section IS NOT on the NHS,0,No Special Jurisdiction,0,None,45.85327778,45.85327778,-122.5166556,-122.5166556,30,Utility Pole/Light Support,0,The First Harmful Event was Not a Collision with a Motor Vehicle in Transport,0,No,3,Intersection-Related,3,T-Intersection,4,On Roadside,0,None,2,Dark - Not Lighted,10,Cloudy,0,No,0000000,Not Applicable,99,Unknown,99,Unknown,99,Unknown EMS Scene Arrival Hour,99,Unknown EMS Scene Arrival Minutes,99,Unknown,99,Unknown EMS Hospital Arrival Time,CLARK (11),1,0,0,0,0,1
53,Washington,530450,1,1,3,3,0,4,4,73,110,BELLINGHAM,11,November,2,2,3,Tuesday,2021,22,10:00pm-10:59pm,50,50,I-5,,1,Interstate,2,Urban,1,Interstate,1,State Highway Agency,1,This section IS ON the NHS,0,No Special Jurisdiction,2535,2535,48.75261389,48.75261389,-122.462875,-122.462875,18,Other Object (not fixed),0,The First Harmful Event was Not a Collision with a Motor Vehicle in Transport,0,No,1,Non-Junction,1,Not an Intersection,1,On Roadway,0,None,2,Dark - Not Lighted,2,Rain,0,No,0000000,Not Applicable,99,Unknown,99,Unknown,99,Unknown EMS Scene Arrival Hour,99,Unknown EMS Scene Arrival Minutes,88,Not Applicable (Not Transported),88,Not Applicable (Not Transported),WHATCOM (73),1,0,0,1,0,1
53,Washington,530451,0,0,1,1,0,1,1,5,0,NOT APPLICABLE,11,November,1,1,2,Monday,2021,17,5:00pm-5:59pm,55,55,I-82,,1,Interstate,1,Rural,1,Interstate,1,State Highway Agency,1,This section IS ON the NHS,0,No Special Jurisdiction,1284,1284,45.98312778,45.98312778,-119.3193528,-119.3193528,1,Rollover/Overturn,0,The First Harmful Event was Not a Collision with a Motor Vehicle in Transport,0,No,1,Non-Junction,1,Not an Intersection,3,On Median,0,None,5,Dusk,2,Rain,0,No,0000000,Not Applicable,99,Unknown,99,Unknown,99,Unknown EMS Scene Arrival Hour,99,Unknown EMS Scene Arrival Minutes,99,Unknown,99,Unknown EMS Hospital Arrival Time,BENTON (5),1,1,0,0,0,1
53,Washington,530452,1,1,1,1,0,1,1,33,1030,KENT,10,October,30,30,7,Saturday,2021,4,4:00am-4:59am,23,23,SR-167,S 228TH ST,3,State Highway,2,Urban,4,Minor Arterial,1,State Highway Agency,0,This section IS NOT on the NHS,0,No Special Jurisdiction,2,2,47.39721667,47.39721667,-122.228125,-122.228125,8,Pedestrian,0,The First Harmful Event was Not a Collision with a Motor Vehicle in Transport,0,No,3,Intersection-Related,3,T-Intersection,1,On Roadway,0,None,3,Dark - Lighted,1,Clear,0,No,0000000,Not Applicable,99,Unknown,99,Unknown,99,Unknown EMS Scene Arrival Hour,99,Unknown EMS Scene Arrival Minutes,88,Not Applicable (Not Transported),88,Not Applicable (Not Transported),KING (33),1,0,1,0,0,0
53,Washington,530453,1,1,1,1,0,1,1,21,0,NOT APPLICABLE,11,November,7,7,1,Sunday,2021,10,10:00am-10:59am,59,59,US-395,,2,U.S. Highway,1,Rural,2,Principal Arterial - Other Freeways and Expressways,1,State Highway Agency,1,This section IS ON the NHS,0,No Special Jurisdiction,431,431,46.43393056,46.43393056,-119.0240028,-119.0240028,8,Pedestrian,0,The First Harmful Event was Not a Collision with a Motor Vehicle in Transport,0,No,1,Non-Junction,1,Not an Intersection,2,On Shoulder,0,None,1,Daylight,1,Clear,0,No,0000000,Not Applicable,99,Unknown,99,Unknown,99,Unknown EMS Scene Arrival Hour,99,Unknown EMS Scene Arrival Minutes,99,Unknown,99,Unknown EMS Hospital Arrival Time,FRANKLIN (21),1,1,0,0,0,0
53,Washington,530454,0,0,1,1,0,1,1,1,0,NOT APPLICABLE,11,November,5,5,6,Friday,2021,13,1:00pm-1:59pm,4,4,I-90,,1,Interstate,1,Rural,1,Interstate,1,State Highway Agency,1,This section IS ON the NHS,0,No Special Jurisdiction,2083,2083,47.10118611,47.10118611,-118.6020444,-118.6020444,35,Embankment,0,The First Harmful Event was Not a Collision with a Motor Vehicle in Transport,0,No,1,Non-Junction,1,Not an Intersection,3,On Median,0,None,1,Daylight,10,Cloudy,0,No,0000000,Not Applicable,99,Unknown,99,Unknown,99,Unknown EMS Scene Arrival Hour,99,Unknown EMS Scene Arrival Minutes,99,Unknown,99,Unknown EMS Hospital Arrival Time,ADAMS (1),1,0,0,0,0,0
53,Washington,530455,0,0,3,3,0,6,6,53,2210,SUMNER,11,November,8,8,2,Monday,2021,17,5:00pm-5:59pm,42,42,SR-167,,3,State Highway,2,Urban,2,Principal Arterial - Other Freeways and Expressways,1,State Highway Agency,0,This section IS NOT on the NHS,0,No Special Jurisdiction,89,89,47.20745833,47.20745833,-122.2476583,-122.2476583,12,Motor Vehicle In-Transport,1,Front-to-Rear,0,No,1,Non-Junction,1,Not an Intersection,1,On Roadway,0,None,2,Dark - Not Lighted,1,Clear,0,No,0000000,Not Applicable,99,Unknown,99,Unknown,99,Unknown EMS Scene Arrival Hour,99,Unknown EMS Scene Arrival Minutes,99,Unknown,99,Unknown EMS Hospital Arrival Time,PIERCE (53),1,1,0,0,0,0
53,Washington,530456,1,1,1,1,0,1,1,53,1770,PUYALLUP,10,October,30,30,7,Saturday,2021,23,11:00pm-11:59pm,2,2,N MERIDIAN,E Main,6,Local Street - Municipality,2,Urban,3,Principal Arterial - Other,4,City or Municipal Highway Agency,0,This section IS NOT on the NHS,0,No Special Jurisdiction,0,None,47.19181389,47.19181389,-122.2937167,-122.2937167,8,Pedestrian,0,The First Harmful Event was Not a Collision with a Motor Vehicle in Transport,0,No,3,Intersection-Related,2,Four-Way Intersection,1,On Roadway,0,None,3,Dark - Lighted,1,Clear,0,No,0000000,Not Applicable,99,Unknown,99,Unknown,99,Unknown EMS Scene Arrival Hour,99,Unknown EMS Scene Arrival Minutes,99,Unknown,99,Unknown EMS Hospital Arrival Time,PIERCE (53),1,0,0,0,0,0
53,Washington,530458,0,0,2,2,0,2,2,53,2230,TACOMA,11,November,5,5,6,Friday,2021,21,9:00pm-9:59pm,35,35,S ORCHARD ST,Emerson St,6,Local Street - Municipality,2,Urban,3,Principal Arterial - Other,4,City or Municipal Highway Agency,0,This section IS NOT on the NHS,0,No Special Jurisdiction,99999,Unknown,47.22106667,47.22106667,-122.5051583,-122.5051583,12,Motor Vehicle In-Transport,6,Angle,0,No,2,Intersection,3,T-Intersection,1,On Roadway,0,None,3,Dark - Lighted,1,Clear,0,No,0000000,Not Applicable,99,Unknown,99,Unknown,99,Unknown EMS Scene Arrival Hour,99,Unknown EMS Scene Arrival Minutes,99,Unknown,99,Unknown EMS Hospital Arrival Time,PIERCE (53),1,0,0,0,0,1
53,Washington,530459,0,0,1,1,0,1,1,63,0,NOT APPLICABLE,11,November,2,2,3,Tuesday,2021,11,11:00am-11:59am,56,56,US-195,,2,U.S. Highway,1,Rural,2,Principal Arterial - Other Freeways and Expressways,1,State Highway Agency,1,This section IS ON the NHS,0,No Special Jurisdiction,865,865,47.55781111,47.55781111,-117.3955778,-117.3955778,1,Rollover/Overturn,0,The First Harmful Event was Not a Collision with a Motor Vehicle in Transport,0,No,1,Non-Junction,1,Not an Intersection,3,On Median,0,None,1,Daylight,1,Clear,0,No,0000000,Not Applicable,99,Unknown,99,Unknown,99,Unknown EMS Scene Arrival Hour,99,Unknown EMS Scene Arrival Minutes,99,Unknown,99,Unknown EMS Hospital Arrival Time,SPOKANE (63),1,0,0,0,0,0
53,Washington,530460,0,0,1,1,0,1,1,53,2230,TACOMA,9,September,28,28,3,Tuesday,2021,2,2:00am-2:59am,2,2,I-5,,1,Interstate,2,Urban,1,Interstate,1,State Highway Agency,1,This section IS ON the NHS,0,No Special Jurisdiction,1346,1346,47.23851667,47.23851667,-122.4157722,-122.4157722,25,Concrete Traffic Barrier,0,The First Harmful Event was Not a Collision with a Motor Vehicle in Transport,0,No,1,Non-Junction,1,Not an Intersection,4,On Roadside,1,Construction,3,Dark - Lighted,1,Clear,0,No,0000000,Not Applicable,99,Unknown,99,Unknown,99,Unknown EMS Scene Arrival Hour,99,Unknown EMS Scene Arrival Minutes,88,Not Applicable (Not Transported),88,Not Applicable (Not Transported),PIERCE (53),1,0,0,0,0,0
53,Washington,530461,0,0,2,2,0,2,2,17,0,NOT APPLICABLE,11,November,3,3,4,Wednesday,2021,17,5:00pm-5:59pm,47,47,SR-028,,3,State Highway,2,Urban,2,Principal Arterial - Other Freeways and Expressways,1,State Highway Agency,0,This section IS NOT on the NHS,0,No Special Jurisdiction,95,95,47.37785278,47.37785278,-120.1954806,-120.1954806,12,Motor Vehicle In-Transport,6,Angle,0,No,1,Non-Junction,1,Not an Intersection,1,On Roadway,0,None,5,Dusk,10,Cloudy,0,No,0000000,Not Applicable,99,Unknown,99,Unknown,99,Unknown EMS Scene Arrival Hour,99,Unknown EMS Scene Arrival Minutes,99,Unknown,99,Unknown EMS Hospital Arrival Time,DOUGLAS (17),1,1,0,0,0,0
53,Washington,530462,0,0,1,1,0,3,3,11,0,NOT APPLICABLE,11,November,9,9,3,Tuesday,2021,2,2:00am-2:59am,20,20,CR-NE RISTO RD,,4,County Road,1,Rural,5,Major Collector,2,County Highway Agency,0,This section IS NOT on the NHS,0,No Special Jurisdiction,18,18,45.770425,45.770425,-122.4507528,-122.4507528,42,Tree (Standing Only),0,The First Harmful Event was Not a Collision with a Motor Vehicle in Transport,0,No,1,Non-Junction,1,Not an Intersection,4,On Roadside,0,None,2,Dark - Not Lighted,2,Rain,0,No,0000000,Not Applicable,99,Unknown,99,Unknown,99,Unknown EMS Scene Arrival Hour,99,Unknown EMS Scene Arrival Minutes,99,Unknown,99,Unknown EMS Hospital Arrival Time,CLARK (11),1,1,0,0,0,1
53,Washington,530463,0,0,1,1,0,1,1,11,0,NOT APPLICABLE,11,November,6,6,7,Saturday,2021,17,5:00pm-5:59pm,27,27,CR-NE HAZEL DELL AVE,,4,County Road,2,Urban,4,Minor Arterial,2,County Highway Agency,0,This section IS NOT on the NHS,0,No Special Jurisdiction,6,6,45.66311389,45.66311389,-122.6699639,-122.6699639,24,Guardrail Face,0,The First Harmful Event was Not a Collision with a Motor Vehicle in Transport,0,No,1,Non-Junction,1,Not an Intersection,4,On Roadside,0,None,5,Dusk,2,Rain,0,No,0000000,Not Applicable,99,Unknown,99,Unknown,99,Unknown EMS Scene Arrival Hour,99,Unknown EMS Scene Arrival Minutes,99,Unknown,99,Unknown EMS Hospital Arrival Time,CLARK (11),1,0,0,0,1,1
53,Washington,530464,0,0,3,3,0,6,6,27,0,NOT APPLICABLE,11,November,3,3,4,Wednesday,2021,17,5:00pm-5:59pm,53,53,US-12,,2,U.S. Highway,1,Rural,3,Principal Arterial - Other,1,State Highway Agency,0,This section IS NOT on the NHS,0,No Special Jurisdiction,83,83,46.97655833,46.97655833,-123.6441417,-123.6441417,12,Motor Vehicle In-Transport,8,Sideswipe - Opposite Direction,0,No,1,Non-Junction,1,Not an Intersection,1,On Roadway,0,None,2,Dark - Not Lighted,2,Rain,0,No,0000000,Not Applicable,99,Unknown,99,Unknown,99,Unknown EMS Scene Arrival Hour,99,Unknown EMS Scene Arrival Minutes,99,Unknown,99,Unknown EMS Hospital Arrival Time,GRAYS HARBOR (27),2,1,0,1,0,0
53,Washington,530465,0,0,1,1,0,1,1,25,0,NOT APPLICABLE,10,October,23,23,7,Saturday,2021,21,9:00pm-9:59pm,24,24,CR-ROAD 2 SW,,4,County Road,1,Rural,7,Local,2,County Highway Agency,0,This section IS NOT on the NHS,0,No Special Jurisdiction,99999,Unknown,47.05879722,47.05879722,-119.8555611,-119.8555611,1,Rollover/Overturn,0,The First Harmful Event was Not a Collision with a Motor Vehicle in Transport,0,No,1,Non-Junction,1,Not an Intersection,4,On Roadside,0,None,2,Dark - Not Lighted,1,Clear,0,No,0000000,Not Applicable,99,Unknown,99,Unknown,99,Unknown EMS Scene Arrival Hour,99,Unknown EMS Scene Arrival Minutes,99,Unknown,99,Unknown EMS Hospital Arrival Time,GRANT (25),1,1,0,0,0,1
53,Washington,530466,0,0,1,1,0,2,2,53,0,NOT APPLICABLE,11,November,6,6,7,Saturday,2021,12,12:00pm-12:59pm,35,35,SR-512,,3,State Highway,2,Urban,2,Principal Arterial - Other Freeways and Expressways,1,State Highway Agency,0,This section IS NOT on the NHS,0,No Special Jurisdiction,55,55,47.15828056,47.15828056,-122.3642583,-122.3642583,42,Tree (Standing Only),0,The First Harmful Event was Not a Collision with a Motor Vehicle in Transport,0,No,1,Non-Junction,1,Not an Intersection,4,On Roadside,0,None,1,Daylight,2,Rain,0,No,0000000,Not Applicable,99,Unknown,99,Unknown,99,Unknown EMS Scene Arrival Hour,99,Unknown EMS Scene Arrival Minutes,99,Unknown,99,Unknown EMS Hospital Arrival Time,PIERCE (53),1,0,0,0,0,0
53,Washington,530467,0,0,1,1,0,1,1,19,0,NOT APPLICABLE,10,October,6,6,4,Wednesday,2021,18,6:00pm-6:59pm,39,39,CR-BRIDGE CREEK RD,,4,County Road,1,Rural,5,Major Collector,2,County Highway Agency,0,This section IS NOT on the NHS,3,Indian Reservation,99999,Unknown,48.28715833,48.28715833,-118.243325,-118.243325,1,Rollover/Overturn,0,The First Harmful Event was Not a Collision with a Motor Vehicle in Transport,0,No,1,Non-Junction,1,Not an Intersection,4,On Roadside,0,None,1,Daylight,1,Clear,0,No,0000000,Not Applicable,99,Unknown,99,Unknown,99,Unknown EMS Scene Arrival Hour,99,Unknown EMS Scene Arrival Minutes,88,Not Applicable (Not Transported),88,Not Applicable (Not Transported),FERRY (19),1,0,0,0,0,1