STATE,STATENAME,ST_CASE,PEDS,PERNOTMVIT,VE_TOTAL,VE_FORMS,PVH_INVL,PERSONS,PERMVIT,COUNTY,CITY,CITYNAME,MONTH,MONTHNAME,DAY,DAYNAME,DAY_WEEK,DAY_WEEKNAME,YEAR,HOUR,HOURNAME,MINUTE,MINUTENAME,TWAY_ID,TWAY_ID2,ROUTE,ROUTENAME,RUR_URB,RUR_URBNAME,FUNC_SYS,FUNC_SYSNAME,RD_OWNER,RD_OWNERNAME,NHS,NHSNAME,SP_JUR,SP_JURNAME,MILEPT,MILEPTNAME,LATITUDE,LATITUDENAME,LONGITUD,LONGITUDNAME,HARM_EV,HARM_EVNAME,MAN_COLL,MAN_COLLNAME,RELJCT1,RELJCT1NAME,RELJCT2,RELJCT2NAME,TYP_INT,TYP_INTNAME,REL_ROAD,REL_ROADNAME,WRK_ZONE,WRK_ZONENAME,LGT_COND,LGT_CONDNAME,WEATHER,WEATHERNAME,SCH_BUS,SCH_BUSNAME,RAIL,RAILNAME,NOT_HOUR,NOT_HOURNAME,NOT_MIN,NOT_MINNAME,ARR_HOUR,ARR_HOURNAME,ARR_MIN,ARR_MINNAME,HOSP_HR,HOSP_HRNAME,HOSP_MN,HOSP_MNNAME,COUNTYNAME,FATALS,young,old,drink,truck,old_car
53,Washington,530608,0,0,2,2,0,3,3,53,0,NOT APPLICABLE,6,June,15,15,3,Tuesday,2021,6,6:00am-6:59am,12,12,CR-SPANAWAY LOOP RD S,,4,County Road,2,Urban,3,Principal Arterial - Other,2,County Highway Agency,0,This section IS NOT on the NHS,0,No Special Jurisdiction,40,40,47.14588056,47.14588056,-122.4604417,-122.4604417,12,Motor Vehicle In-Transport,2,Front-to-Front,0,No,1,Non-Junction,1,Not an Intersection,1,On Roadway,0,None,4,Dawn,10,Cloudy,0,No,0000000,Not Applicable,99,Unknown,99,Unknown,99,Unknown EMS Scene Arrival Hour,99,Unknown EMS Scene Arrival Minutes,99,Unknown,99,Unknown EMS Hospital Arrival Time,PIERCE (53),1,0,0,0,0,0
53,Washington,530609,0,0,2,2,0,4,4,53,0,NOT APPLICABLE,6,June,24,24,5,Thursday,2021,12,12:00pm-12:59pm,39,39,68TH AVE E,10TH ST E,6,Local Street - Municipality,2,Urban,5,Major Collector,2,County Highway Agency,0,This section IS NOT on the NHS,3,Indian Reservation,0,None,47.24813889,47.24813889,-122.3389444,-122.3389444,12,Motor Vehicle In-Transport,6,Angle,0,No,2,Intersection,2,Four-Way Intersection,1,On Roadway,0,None,1,Daylight,1,Clear,0,No,0000000,Not Applicable,99,Unknown,99,Unknown,99,Unknown EMS Scene Arrival Hour,99,Unknown EMS Scene Arrival Minutes,99,Unknown,99,Unknown EMS Hospital Arrival Time,PIERCE (53),1,0,1,0,1,1
53,Washington,530610,0,0,2,2,0,2,2,63,0,NOT APPLICABLE,6,June,29,29,3,Tuesday,2021,18,6:00pm-6:59pm,8,8,CR-N HARVARD RD,WELLESLEY AVE,4,County Road,2,Urban,3,Principal Arterial - Other,2,County Highway Agency,0,This section IS NOT on the NHS,0,No Special Jurisdiction,99999,Unknown,47.70037778,47.70037778,-117.1117944,-117.1117944,12,Motor Vehicle In-Transport,6,Angle,0,No,2,Intersection,2,Four-Way Intersection,1,On Roadway,0,None,1,Daylight,1,Clear,0,No,0000000,Not Applicable,99,Unknown,99,Unknown,99,Unknown EMS Scene Arrival Hour,99,Unknown EMS Scene Arrival Minutes,99,Unknown,99,Unknown EMS Hospital Arrival Time,SPOKANE (63),1,0,0,0,0,1
53,Washington,530611,1,1,2,1,1,2,2,53,750,FIRCREST,11,November,28,28,1,Sunday,2021,6,6:00am-6:59am,18,18,CLAREMONT ST,,6,Local Street - Municipality,2,Urban,5,Major Collector,4,City or Municipal Highway Agency,0,This section IS NOT on the NHS,0,No Special Jurisdiction,0,None,47.22463611,47.22463611,-122.5146472,-122.5146472,14,Parked Motor Vehicle,0,The First Harmful Event was Not a Collision with a Motor Vehicle in Transport,0,No,1,Non-Junction,1,Not an Intersection,7,In Parking Lane/Zone,0,None,3,Dark - Lighted,1,Clear,0,No,0000000,Not Applicable,99,Unknown,99,Unknown,99,Unknown EMS Scene Arrival Hour,99,Unknown EMS Scene Arrival Minutes,99,Unknown,99,Unknown EMS Hospital Arrival Time,PIERCE (53),1,0,0,0,0,0
53,Washington,530612,0,0,3,3,0,3,3,33,229,BURIEN,12,December,15,15,4,Wednesday,2021,19,7:00pm-7:59pm,26,26,1ST AVE S,S 136th St,6,Local Street - Municipality,2,Urban,3,Principal Arterial - Other,4,City or Municipal Highway Agency,0,This section IS NOT on the NHS,0,No Special Jurisdiction,99999,Unknown,47.4813,47.4813,-122.333825,-122.333825,12,Motor Vehicle In-Transport,6,Angle,0,No,2,Intersection,2,Four-Way Intersection,1,On Roadway,0,None,3,Dark - Lighted,10,Cloudy,0,No,0000000,Not Applicable,99,Unknown,99,Unknown,99,Unknown EMS Scene Arrival Hour,99,Unknown EMS Scene Arrival Minutes,99,Unknown,99,Unknown EMS Hospital Arrival Time,KING (33),1,0,0,1,0,1
53,Washington,530613,0,0,2,2,0,4,4,33,1107,LAKE FOREST PARK,6,June,25,25,6,Friday,2021,15,3:00pm-3:59pm,50,50,SR-522,,3,State Highway,2,Urban,3,Principal Arterial - Other,1,State Highway Agency,0,This section IS NOT on the NHS,0,No Special Jurisdiction,57,57,47.75220556,47.75220556,-122.2797861,-122.2797861,12,Motor Vehicle In-Transport,1,Front-to-Rear,0,No,1,Non-Junction,1,Not an Intersection,1,On Roadway,0,None,1,Daylight,1,Clear,0,No,0000000,Not Applicable,99,Unknown,99,Unknown,99,Unknown EMS Scene Arrival Hour,99,Unknown EMS Scene Arrival Minutes,99,Unknown,99,Unknown EMS Hospital Arrival Time,KING (33),1,1,0,0,0,0
53,Washington,530614,0,0,2,2,0,2,2,33,532,DES MOINES,8,August,9,9,2,Monday,2021,15,3:00pm-3:59pm,58,58,SR-509,,3,State Highway,2,Urban,3,Principal Arterial - Other,1,State Highway Agency,0,This section IS NOT on the NHS,0,No Special Jurisdiction,245,245,47.40835833,47.40835833,-122.3325417,-122.3325417,12,Motor Vehicle In-Transport,2,Front-to-Front,0,No,1,Non-Junction,1,Not an Intersection,1,On Roadway,0,None,1,Daylight,1,Clear,0,No,0000000,Not Applicable,99,Unknown,99,Unknown,99,Unknown EMS Scene Arrival Hour,99,Unknown EMS Scene Arrival Minutes,99,Unknown,99,Unknown EMS Hospital Arrival Time,KING (33),1,0,0,0,0,0
53,Washington,530615,0,0,1,1,0,1,1,33,1960,SEATTLE,1,January,3,3,1,Sunday,2021,7,7:00am-7:59am,0,0,SR-99,,3,State Highway,2,Urban,3,Principal Arterial - Other,1,State Highway Agency,0,This section IS NOT on the NHS,0,No Special Jurisdiction,327,327,47.71500278,47.71500278,-122.3448556,-122.3448556,30,Utility Pole/Light Support,0,The First Harmful Event was Not a Collision with a Motor Vehicle in Transport,0,No,1,Non-Junction,1,Not an Intersection,4,On Roadside,0,None,3,Dark - Lighted,2,Rain,0,No,0000000,Not Applicable,99,Unknown,99,Unknown,99,Unknown EMS Scene Arrival Hour,99,Unknown EMS Scene Arrival Minutes,99,Unknown,99,Unknown EMS Hospital Arrival Time,KING (33),1,0,0,0,0,0
53,Washington,530616,0,0,1,1,0,1,1,57,0,NOT APPLICABLE,1,January,16,16,7,Saturday,2021,18,6:00pm-6:59pm,15,15,CR-PACIFIC HWY,,4,County Road,1,Rural,7,Local,2,County Highway Agency,0,This section IS NOT on the NHS,0,No Special Jurisdiction,99999,Unknown,48.30686111,48.30686111,-122.3189861,-122.3189861,42,Tree (Standing Only),0,The First Harmful Event was Not a Collision with a Motor Vehicle in Transport,0,No,1,Non-Junction,1,Not an Intersection,4,On Roadside,0,None,3,Dark - Lighted,1,Clear,0,No,0000000,Not Applicable,99,Unknown,99,Unknown,99,Unknown EMS Scene Arrival Hour,99,Unknown EMS Scene Arrival Minutes,99,Unknown,99,Unknown EMS Hospital Arrival Time,SKAGIT (57),1,1,0,0,0,1
53,Washington,530617,0,0,1,1,0,1,1,33,1830,RENTON,2,February,12,12,6,Friday,2021,11,11:00am-11:59am,45,45,SR-900,,3,State Highway,2,Urban,3,Principal Arterial - Other,1,State Highway Agency,0,This section IS NOT on the NHS,0,No Special Jurisdiction,41,41,47.50234167,47.50234167,-122.1953056,-122.1953056,41,Shrubbery,0,The First Harmful Event was Not a Collision with a Motor Vehicle in Transport,0,No,1,Non-Junction,1,Not an Intersection,4,On Roadside,0,None,1,Daylight,1,Clear,0,No,0000000,Not Applicable,99,Unknown,99,Unknown,99,Unknown EMS Scene Arrival Hour,99,Unknown EMS Scene Arrival Minutes,99,Unknown,99,Unknown EMS Hospital Arrival Time,KING (33),1,0,1,0,0,0
53,Washington,530618,0,0,2,2,0,2,2,77,2590,YAKIMA,5,May,2,2,1,Sunday,2021,19,7:00pm-7:59pm,57,57,E MAPLE ST,S 8th St,6,Local Street - Municipality,2,Urban,7,Local,4,City or Municipal Highway Agency,0,This section IS NOT on the NHS,0,No Special Jurisdiction,0,None,46.59842778,46.59842778,-120.492325,-120.492325,12,Motor Vehicle In-Transport,6,Angle,0,No,2,Intersection,3,T-Intersection,1,On Roadway,0,None,1,Daylight,1,Clear,0,No,0000000,Not Applicable,99,Unknown,99,Unknown,99,Unknown EMS Scene Arrival Hour,99,Unknown EMS Scene Arrival Minutes,99,Unknown,99,Unknown EMS Hospital Arrival Time,YAKIMA (77),1,0,0,0,0,0
53,Washington,530619,1,1,1,1,0,2,2,33,1830,RENTON,5,May,17,17,2,Monday,2021,17,5:00pm-5:59pm,15,15,SE CARR RD,103RD AVE SE,6,Local Street - Municipality,2,Urban,3,Principal Arterial - Other,4,City or Municipal Highway Agency,0,This section IS NOT on the NHS,0,No Special Jurisdiction,0,None,47.44293333,47.44293333,-122.2036056,-122.2036056,8,Pedestrian,0,The First Harmful Event was Not a Collision with a Motor Vehicle in Transport,0,No,3,Intersection-Related,3,T-Intersection,1,On Roadway,0,None,1,Daylight,2,Rain,0,No,0000000,Not Applicable,99,Unknown,99,Unknown,99,Unknown EMS Scene Arrival Hour,99,Unknown EMS Scene Arrival Minutes,99,Unknown,99,Unknown EMS Hospital Arrival Time,KING (33),1,0,0,0,0,0
53,Washington,530620,0,0,2,2,0,2,2,67,2320,TUMWATER,5,May,13,13,5,Thursday,2021,15,3:00pm-3:59pm,3,3,HENDERSON BLVD SE,,6,Local Street - Municipality,2,Urban,4,Minor Arterial,4,City or Municipal Highway Agency,0,This section IS NOT on the NHS,0,No Special Jurisdiction,0,None,47.00308611,47.00308611,-122.8809889,-122.8809889,12,Motor Vehicle In-Transport,2,Front-to-Front,0,No,8,Driveway Access Related,1,Not an Intersection,1,On Roadway,0,None,1,Daylight,1,Clear,0,No,0000000,Not Applicable,99,Unknown,99,Unknown,99,Unknown EMS Scene Arrival Hour,99,Unknown EMS Scene Arrival Minutes,99,Unknown,99,Unknown EMS Hospital Arrival Time,THURSTON (67),1,0,0,0,0,1
53,Washington,530621,1,1,1,1,0,2,2,77,2590,YAKIMA,5,May,24,24,2,Monday,2021,13,1:00pm-1:59pm,24,24,TIETON DR,S 40th Ave,6,Local Street - Municipality,2,Urban,4,Minor Arterial,4,City or Municipal Highway Agency,0,This section IS NOT on the NHS,0,No Special Jurisdiction,0,None,46.59268611,46.59268611,-120.5619444,-120.5619444,8,Pedestrian,0,The First Harmful Event was Not a Collision with a Motor Vehicle in Transport,0,No,3,Intersection-Related,2,Four-Way Intersection,1,On Roadway,0,None,1,Daylight,1,Clear,0,No,0000000,Not Applicable,99,Unknown,99,Unknown,99,Unknown EMS Scene Arrival Hour,99,Unknown EMS Scene Arrival Minutes,99,Unknown,99,Unknown EMS Hospital Arrival Time,YAKIMA (77),1,0,0,0,0,0
53,Washington,530622,0,0,2,2,0,2,2,33,0,NOT APPLICABLE,5,May,29,29,7,Saturday,2021,20,8:00pm-8:59pm,32,32,CR-244TH AVE SE,,4,County Road,2,Urban,4,Minor Arterial,2,County Highway Agency,0,This section IS NOT on the NHS,0,No Special Jurisdiction,3,3,47.18350556,47.18350556,-122.0163722,-122.0163722,12,Motor Vehicle In-Transport,7,Sideswipe - Same Direction,0,No,1,Non-Junction,1,Not an Intersection,1,On Roadway,0,None,3,Dark - Lighted,1,Clear,0,No,0000000,Not Applicable,99,Unknown,99,Unknown,99,Unknown EMS Scene Arrival Hour,99,Unknown EMS Scene Arrival Minutes,99,Unknown,99,Unknown EMS Hospital Arrival Time,KING (33),1,0,0,0,0,1
53,Washington,530623,0,0,1,1,0,1,1,33,1960,SEATTLE,6,June,15,15,3,Tuesday,2021,16,4:00pm-4:59pm,4,4,MARTIN LUTHER KING JR WAY S,,6,Local Street - Municipality,2,Urban,4,Minor Arterial,4,City or Municipal Highway Agency,0,This section IS NOT on the NHS,0,No Special Jurisdiction,0,None,47.59518056,47.59518056,-122.2976833,-122.2976833,33,Curb,0,The First Harmful Event was Not a Collision with a Motor Vehicle in Transport,0,No,1,Non-Junction,1,Not an Intersection,4,On Roadside,0,None,1,Daylight,1,Clear,0,No,0000000,Not Applicable,99,Unknown,99,Unknown,99,Unknown EMS Scene Arrival Hour,99,Unknown EMS Scene Arrival Minutes,99,Unknown,99,Unknown EMS Hospital Arrival Time,KING (33),1,0,0,0,0,0
53,Washington,530624,0,0,3,3,0,4,4,11,107,BATTLE GROUND,7,July,26,26,2,Monday,2021,9,9:00am-9:59am,59,59,SR-503,,3,State Highway,2,Urban,2,Principal Arterial - Other Freeways and Expressways,1,State Highway Agency,0,This section IS NOT on the NHS,0,No Special Jurisdiction,86,86,45.79109167,45.79109167,-122.5474778,-122.5474778,12,Motor Vehicle In-Transport,1,Front-to-Rear,0,No,1,Non-Junction,1,Not an Intersection,1,On Roadway,0,None,1,Daylight,1,Clear,0,No,0000000,Not Applicable,99,Unknown,99,Unknown,99,Unknown EMS Scene Arrival Hour,99,Unknown EMS Scene Arrival Minutes,99,Unknown,99,Unknown EMS Hospital Arrival Time,CLARK (11),1,0,0,0,0,1
53,Washington,530625,1,1,1,1,0,1,1,33,1960,SEATTLE,7,July,28,28,4,Wednesday,2021,12,12:00pm-12:59pm,0,0,LENORA ST,5th Ave,6,Local Street - Municipality,2,Urban,4,Minor Arterial,4,City or Municipal Highway Agency,0,This section IS NOT on the NHS,0,No Special Jurisdiction,0,None,47.61447222,47.61447222,-122.3405222,-122.3405222,8,Pedestrian,0,The First Harmful Event was Not a Collision with a Motor Vehicle in Transport,0,No,3,Intersection-Related,2,Four-Way Intersection,1,On Roadway,0,None,1,Daylight,1,Clear,0,No,0000000,Not Applicable,99,Unknown,99,Unknown,99,Unknown EMS Scene Arrival Hour,99,Unknown EMS Scene Arrival Minutes,99,Unknown,99,Unknown EMS Hospital Arrival Time,KING (33),1,0,0,1,0,0
53,Washington,530626,0,0,1,1,0,1,1,63,0,NOT APPLICABLE,8,August,28,28,7,Saturday,2021,15,3:00pm-3:59pm,0,0,CR-E VALLEY SPRINGS RD,,4,County Road,1,Rural,6,Minor Collector,2,County Highway Agency,0,This section IS NOT on the NHS,0,No Special Jurisdiction,99999,Unknown,47.70200833,47.70200833,-117.3268889,-117.3268889,18,Other Object (not fixed),0,The First Harmful Event was Not a Collision with a Motor Vehicle in Transport,0,No,1,Non-Junction,1,Not an Intersection,4,On Roadside,0,None,1,Daylight,1,Clear,0,No,0000000,Not Applicable,99,Unknown,99,Unknown,99,Unknown EMS Scene Arrival Hour,99,Unknown EMS Scene Arrival Minutes,99,Unknown,99,Unknown EMS Hospital Arrival Time,SPOKANE (63),1,1,0,0,0,0
53,Washington,530627,0,0,1,1,0,2,2,43,0,NOT APPLICABLE,11,November,6,6,7,Saturday,2021,9,9:00am-9:59am,0,0,CR-SPRAGUE HIGHWAY RD E,,4,County Road,1,Rural,5,Major Collector,2,County Highway Agency,0,This section IS NOT on the NHS,0,No Special Jurisdiction,65,65,47.30031111,47.30031111,-117.9316417,-117.9316417,35,Embankment,0,The First Harmful Event was Not a Collision with a Motor Vehicle in Transport,0,No,1,Non-Junction,1,Not an Intersection,4,On Roadside,0,None,1,Daylight,10,Cloudy,0,No,0000000,Not Applicable,99,Unknown,99,Unknown,99,Unknown EMS Scene Arrival Hour,99,Unknown EMS Scene Arrival Minutes,99,Unknown,99,Unknown EMS Hospital Arrival Time,LINCOLN (43),1,0,0,0,0,1
53,Washington,530628,0,0,3,3,0,5,5,53,2230,TACOMA,12,December,17,17,6,Friday,2021,16,4:00pm-4:59pm,45,45,S ORCHARD ST,48th St W,6,Local Street - Municipality,2,Urban,3,Principal Arterial - Other,4,City or Municipal Highway Agency,0,This section IS NOT on the NHS,0,No Special Jurisdiction,99999,Unknown,47.21381111,47.21381111,-122.5052333,-122.5052333,12,Motor Vehicle In-Transport,6,Angle,0,No,2,Intersection,2,Four-Way Intersection,1,On Roadway,0,None,3,Dark - Lighted,2,Rain,0,No,0000000,Not Applicable,99,Unknown,99,Unknown,99,Unknown EMS Scene Arrival Hour,99,Unknown EMS Scene Arrival Minutes,99,Unknown,99,Unknown EMS Hospital Arrival Time,PIERCE (53),1,0,0,0,0,0
53,Washington,530629,1,1,1,1,0,1,1,61,690,EVERETT,11,November,30,30,3,Tuesday,2021,19,7:00pm-7:59pm,3,3,132ND ST SW,,6,Local Street - Municipality,2,Urban,7,Local,4,City or Municipal Highway Agency,0,This section IS NOT on the NHS,0,No Special Jurisdiction,0,None,47.87874444,47.87874444,-122.24585,-122.24585,8,Pedestrian,0,The First Harmful Event was Not a Collision with a Motor Vehicle in Transport,0,No,1,Non-Junction,1,Not an Intersection,1,On Roadway,0,None,6,Dark - Unknown Lighting,98,Not Reported,0,No,0000000,Not Applicable,99,Unknown,99,Unknown,99,Unknown EMS Scene Arrival Hour,99,Unknown EMS Scene Arrival Minutes,99,Unknown,99,Unknown EMS Hospital Arrival Time,SNOHOMISH (61),1,0,0,0,0,1
53,Washington,530630,1,1,1,1,0,1,1,77,2220,SUNNYSIDE,8,August,21,21,7,Saturday,2021,22,10:00pm-10:59pm,19,19,PARKLAND DR,,6,Local Street - Municipality,2,Urban,7,Local,4,City or Municipal Highway Agency,0,This section IS NOT on the NHS,0,No Special Jurisdiction,0,None,46.31368333,46.31368333,-120.0225972,-120.0225972,19,Building,0,The First Harmful Event was Not a Collision with a Motor Vehicle in Transport,0,No,1,Non-Junction,1,Not an Intersection,5,Outside Trafficway,0,None,3,Dark - Lighted,1,Clear,0,No,0000000,Not Applicable,99,Unknown,99,Unknown,99,Unknown EMS Scene Arrival Hour,99,Unknown EMS Scene Arrival Minutes,88,Not Applicable (Not Transported),88,Not Applicable (Not Transported),YAKIMA (77),1,0,1,0,0,0
53,Washington,530631,0,0,10,10,0,18,18,77,0,NOT APPLICABLE,11,November,24,24,4,Wednesday,2021,6,6:00am-6:59am,15,15,I-82 RAMP,,1,Interstate,1,Rural,1,Interstate,1,State Highway Agency,1,This section IS ON the NHS,0,No Special Jurisdiction,588,588,46.34274167,46.34274167,-120.1734778,-120.1734778,25,Concrete Traffic Barrier,0,The First Harmful Event was Not a Collision with a Motor Vehicle in Transport,1,Yes,5,Entrance/Exit Ramp Related,1,Not an Intersection,3,On Median,0,None,3,Dark - Lighted,1,Clear,0,No,0000000,Not Applicable,99,Unknown,99,Unknown,99,Unknown EMS Scene Arrival Hour,99,Unknown EMS Scene Arrival Minutes,99,Unknown,99,Unknown EMS Hospital Arrival Time,YAKIMA (77),1,0,0,1,0,0
53,Washington,530632,1,1,1,1,0,1,1,47,1580,OKANOGAN,8,August,8,8,1,Sunday,2021,22,10:00pm-10:59pm,50,50,SR-215,,3,State Highway,2,Urban,4,Minor Arterial,1,State Highway Agency,0,This section IS NOT on the NHS,0,No Special Jurisdiction,27,27,48.38564167,48.38564167,-119.5559694,-119.5559694,8,Pedestrian,0,The First Harmful Event was Not a Collision with a Motor Vehicle in Transport,0,No,1,Non-Junction,1,Not an Intersection,1,On Roadway,0,None,8,Not Reported,98,Not Reported,0,No,0000000,Not Applicable,99,Unknown,99,Unknown,99,Unknown EMS Scene Arrival Hour,99,Unknown EMS Scene Arrival Minutes,88,Not Applicable (Not Transported),88,Not Applicable (Not Transported),OKANOGAN (47),1,1,0,0,0,0
53,Washington,530633,0,0,1,1,0,1,1,47,1600,OMAK,3,March,11,11,5,Thursday,2021,3,3:00am-3:59am,15,15,CR-OMAK-RIVERSIDE EASTSIDE RD,,4,County Road,1,Rural,6,Minor Collector,2,County Highway Agency,0,This section IS NOT on the NHS,3,Indian Reservation,99999,Unknown,48.46759167,48.46759167,-119.4717944,-119.4717944,1,Rollover/Overturn,0,The First Harmful Event was Not a Collision with a Motor Vehicle in Transport,0,No,1,Non-Junction,1,Not an Intersection,1,On Roadway,0,None,8,Not Reported,98,Not Reported,0,No,0000000,Not Applicable,99,Unknown,99,Unknown,99,Unknown EMS Scene Arrival Hour,99,Unknown EMS Scene Arrival Minutes,88,Not Applicable (Not Transported),88,Not Applicable (Not Transported),OKANOGAN (47),1,0,0,0,1,0
53,Washington,530634,0,0,1,1,0,5,5,53,2337,UNIVERSITY PLACE,5,May,15,15,7,Saturday,2021,21,9:00pm-9:59pm,4,4,GRANDVIEW DR W,Olympic Blvd W,6,Local Street - Municipality,2,Urban,4,Minor Arterial,4,City or Municipal Highway Agency,0,This section IS NOT on the NHS,0,No Special Jurisdiction,0,None,47.22204444,47.22204444,-122.557925,-122.557925,39,Wall,0,The First Harmful Event was Not a Collision with a Motor Vehicle in Transport,0,No,3,Intersection-Related,6,Roundabout,4,On Roadside,0,None,3,Dark - Lighted,1,Clear,0,No,0000000,Not Applicable,99,Unknown,99,Unknown,99,Unknown EMS Scene Arrival Hour,99,Unknown EMS Scene Arrival Minutes,99,Unknown,99,Unknown EMS Hospital Arrival Time,PIERCE (53),1,0,0,0,0,0
53,Washington,530635,1,1,1,1,0,1,1,77,890,HARRAH,11,November,11,11,5,Thursday,2021,7,7:00am-7:59am,0,0,CR-BRANCH RD,,4,County Road,1,Rural,5,Major Collector,2,County Highway Agency,0,This section IS NOT on the NHS,3,Indian Reservation,99999,Unknown,46.40453333,46.40453333,-120.5723389,-120.5723389,8,Pedestrian,0,The First Harmful Event was Not a Collision with a Motor Vehicle in Transport,0,No,1,Non-Junction,1,Not an Intersection,1,On Roadway,0,None,8,Not Reported,98,Not Reported,0,No,0000000,Not Applicable,99,Unknown,99,Unknown,99,Unknown EMS Scene Arrival Hour,99,Unknown EMS Scene Arrival Minutes,88,Not Applicable (Not Transported),88,Not Applicable (Not Transported),YAKIMA (77),1,0,0,0,0,0
53,Washington,530636,0,0,2,2,0,2,2,47,0,NOT APPLICABLE,8,August,8,8,1,Sunday,2021,9,9:00am-9:59am,38,38,SR-155,,3,State Highway,1,Rural,4,Minor Arterial,1,State Highway Agency,0,This section IS NOT on the NHS,0,No Special Jurisdiction,419,419,48.14293889,48.14293889,-118.9767944,-118.9767944,12,Motor Vehicle In-Transport,1,Front-to-Rear,0,No,8,Driveway Access Related,1,Not an Intersection,1,On Roadway,0,None,8,Not Reported,98,Not Reported,0,No,0000000,Not Applicable,99,Unknown,99,Unknown,99,Unknown EMS Scene Arrival Hour,99,Unknown EMS Scene Arrival Minutes,99,Unknown,99,Unknown EMS Hospital Arrival Time,OKANOGAN (47),1,0,0,0,1,0
53,Washington,530637,0,0,1,1,0,1,1,19,0,NOT APPLICABLE,8,August,18,18,4,Wednesday,2021,15,3:00pm-3:59pm,50,50,BRIDGE CREEK RD,,8,Other,6,Trafficway Not in State Inventory,96,Trafficway Not in State Inventory,96,Trafficway Not in State Inventory,0,This section IS NOT on the NHS,3,Indian Reservation,99999,Unknown,48.29221944,48.29221944,-118.4036333,-118.4036333,42,Tree (Standing Only),0,The First Harmful Event was Not a Collision with a Motor Vehicle in Transport,0,No,1,Non-Junction,1,Not an Intersection,4,On Roadside,0,None,8,Not Reported,98,Not Reported,0,No,0000000,Not Applicable,99,Unknown,99,Unknown,99,Unknown EMS Scene Arrival Hour,99,Unknown EMS Scene Arrival Minutes,99,Unknown,99,Unknown EMS Hospital Arrival Time,FERRY (19),1,0,0,0,0,0
53,Washington,530638,0,0,1,1,0,1,1,19,0,NOT APPLICABLE,9,September,5,5,1,Sunday,2021,1,1:00am-1:59am,36,36,BRIDGE CREEK RD,,8,Other,6,Trafficway Not in State Inventory,96,Trafficway Not in State Inventory,96,Trafficway Not in State Inventory,0,This section IS NOT on the NHS,3,Indian Reservation,99998,Not Reported,77.7777,77.7777,777.7777,777.7777,42,Tree (Standing Only),0,The First Harmful Event was Not a Collision with a Motor Vehicle in Transport,0,No,1,Non-Junction,1,Not an Intersection,4,On Roadside,0,None,6,Dark - Unknown Lighting,98,Not Reported,0,No,0000000,Not Applicable,99,Unknown,99,Unknown,99,Unknown EMS Scene Arrival Hour,99,Unknown EMS Scene Arrival Minutes,88,Not Applicable (Not Transported),88,Not Applicable (Not Transported),FERRY (19),1,1,0,0,0,1
53,Washington,530639,0,0,2,2,0,2,2,33,1960,SEATTLE,4,April,21,21,4,Wednesday,2021,17,5:00pm-5:59pm,32,32,RAINER AVE S,S GRAND ST,6,Local Street - Municipality,2,Urban,3,Principal Arterial - Other,4,City or Municipal Highway Agency,0,This section IS NOT on the NHS,0,No Special Jurisdiction,0,None,47.58708611,47.58708611,-122.3048944,-122.3048944,12,Motor Vehicle In-Transport,1,Front-to-Rear,0,No,3,Intersection-Related,2,Four-Way Intersection,1,On Roadway,0,None,1,Daylight,1,Clear,0,No,0000000,Not Applicable,99,Unknown,99,Unknown,99,Unknown EMS Scene Arrival Hour,99,Unknown EMS Scene Arrival Minutes,99,Unknown,99,Unknown EMS Hospital Arrival Time,KING (33),1,0,0,0,0,0
53,Washington,530640,0,0,1,1,0,1,1,67,0,NOT APPLICABLE,10,October,15,15,6,Friday,2021,14,2:00pm-2:59pm,55,55,CR-STEAMBOAT ISLAND RD NW,,4,County Road,1,Rural,5,Major Collector,2,County Highway Agency,0,This section IS NOT on the NHS,0,No Special Jurisdiction,99999,Unknown,47.11046944,47.11046944,-123.0058917,-123.0058917,42,Tree (Standing Only),0,The First Harmful Event was Not a Collision with a Motor Vehicle in Transport,0,No,1,Non-Junction,1,Not an Intersection,4,On Roadside,0,None,1,Daylight,10,Cloudy,0,No,0000000,Not Applicable,99,Unknown,99,Unknown,99,Unknown EMS Scene Arrival Hour,99,Unknown EMS Scene Arrival Minutes,99,Unknown,99,Unknown EMS Hospital Arrival Time,THURSTON (67),1,0,0,0,0,1